Date,02T,05T,10T,11T,12T,59T,61T,03T,50T,52T,53T,54T,08T,13T,14T,16T,17T,18T,19T,20T,21T,22T,24T,25T,26T,27T,28T,29T,30T,31T,32T,33T,34T,35T,36T,37T,38T,39T,40T,41T,42T,43T,44T,46T,47T,60T,62T,63T,57T,58T,67T,68T,69T,70T(เก่า),70T(ใหม่),71T,72T(เก่า),73T,74T,75T,76T,77T,78T,79T,80T,81T
1/1/2019,n/a,15,20,22,n/a,23,n/a,25,22,28,27,31,28,23,21,n/a,15,19,24,18,12,n/a,14,15,29,n/a,n/a,14,n/a,16,19,16,15,26,27,16,13,7,17,20,19,n/a,n/a,24,n/a,n/a,19,27,10,14,15,26,19,17,n/a,12,11,11,n/a,6,28,18,,23,14,n/a
2/1/2019,n/a,21,26,21,n/a,23,n/a,25,25,30,30,30,34,23,26,n/a,22,26,28,19,14,n/a,15,20,32,n/a,n/a,20,n/a,21,21,17,19,21,17,15,14,7,15,24,18,n/a,n/a,27,n/a,n/a,19,28,10,10,11,27,20,14,n/a,14,15,11,n/a,6,25,20,,35,21,n/a
3/1/2019,n/a,24,26,25,n/a,24,n/a,29,28,34,33,35,35,32,37,n/a,26,29,33,22,21,n/a,24,19,36,n/a,n/a,n/a,n/a,25,27,27,25,21,16,15,12,7,15,35,24,n/a,n/a,24,n/a,n/a,10,15,13,6,11,30,13,13,n/a,13,17,14,n/a,8,39,23,,39,16,n/a
4/1/2019,n/a,27,32,29,n/a,28,32,33,31,37,39,40,39,33,36,n/a,30,30,39,27,24,n/a,34,21,53,48,n/a,28,n/a,31,29,26,25,20,16,16,13,9,14,34,16,n/a,n/a,30,n/a,n/a,9,10,14,4,14,30,18,15,n/a,19,15,11,n/a,8,34,24,,45,10,n/a
5/1/2019,n/a,33,37,36,n/a,35,39,43,34,46,51,47,48,45,45,n/a,38,38,43,35,37,n/a,41,31,55,63,n/a,41,n/a,42,37,36,34,22,16,17,15,10,17,49,7,n/a,n/a,38,n/a,n/a,15,14,15,4,17,28,21,16,n/a,26,21,12,n/a,8,29,27,,48,13,n/a
6/1/2019,n/a,62,61,60,n/a,63,68,76,51,81,75,91,86,75,64,n/a,63,62,59,63,47,n/a,47,36,66,80,n/a,51,n/a,42,53,37,42,21,18,17,24,13,22,47,11,n/a,n/a,35,n/a,n/a,12,13,n/a,7,15,28,27,16,n/a,34,15,11,n/a,8,29,44,,52,8,n/a
7/1/2019,n/a,65,60,61,n/a,56,68,69,58,74,71,83,80,68,65,n/a,60,68,74,57,48,n/a,62,45,67,76,n/a,44,n/a,40,57,50,58,27,22,26,19,16,22,39,7,n/a,n/a,36,n/a,n/a,16,17,5,9,15,29,22,23,n/a,39,16,17,n/a,11,31,49,,59,9,n/a
8/1/2019,n/a,19,27,28,n/a,23,23,38,n/a,23,28,34,32,22,30,n/a,18,13,28,50,53,n/a,66,45,35,12,n/a,25,n/a,29,28,28,26,23,17,22,16,15,24,53,13,n/a,n/a,34,n/a,n/a,17,17,7,5,17,24,26,18,n/a,48,21,12,n/a,9,31,34,,52,10,n/a
9/1/2019,n/a,22,26,27,n/a,24,30,n/a,n/a,26,33,43,33,32,35,n/a,20,14,24,26,27,n/a,96,32,28,15,n/a,n/a,n/a,n/a,20,19,16,18,15,14,13,15,17,35,10,n/a,n/a,38,n/a,n/a,18,18,n/a,9,14,20,16,15,n/a,43,19,8,n/a,7,24,24,,39,10,n/a
10/1/2019,n/a,37,40,39,n/a,35,45,56,47,44,46,49,46,44,52,n/a,32,31,42,45,44,n/a,78,53,50,36,n/a,28,n/a,29,36,30,32,21,20,28,23,24,31,41,12,n/a,n/a,40,n/a,n/a,16,19,18,7,21,24,25,19,n/a,45,19,16,n/a,16,29,47,,58,9,n/a
11/1/2019,n/a,62,69,64,n/a,59,87,81,83,81,81,87,76,74,78,n/a,54,48,62,57,72,n/a,82,56,66,63,n/a,55,n/a,44,47,42,40,23,19,35,31,32,41,57,13,n/a,n/a,45,n/a,n/a,15,17,18,8,29,30,33,28,n/a,57,23,18,n/a,20,35,47,,71,11,n/a
12/1/2019,n/a,52,52,52,n/a,53,60,72,62,63,65,68,70,64,73,n/a,51,50,56,65,70,n/a,77,58,75,61,n/a,49,n/a,43,47,41,39,24,20,39,n/a,32,40,50,14,n/a,n/a,37,n/a,n/a,12,18,18,6,27,34,35,27,n/a,58,27,13,n/a,20,41,50,,70,8,n/a
13/1/2019,n/a,63,60,62,n/a,55,65,88,70,74,66,74,87,68,71,n/a,62,61,55,63,n/a,n/a,56,51,76,85,n/a,52,42,51,63,49,45,25,23,30,23,23,32,47,9,n/a,n/a,38,n/a,n/a,12,15,21,6,28,34,32,22,n/a,57,26,12,n/a,19,42,51,,60,7,n/a
14/1/2019,n/a,58,56,59,n/a,57,71,86,64,73,65,79,81,68,86,n/a,58,54,62,55,n/a,n/a,68,51,65,81,n/a,60,53,50,57,55,58,24,19,28,23,20,29,46,17,n/a,n/a,n/a,n/a,n/a,18,20,20,6,24,39,30,22,n/a,64,27,14,n/a,17,43,46,,53,11,n/a
15/1/2019,n/a,48,47,53,n/a,46,60,68,48,50,58,68,60,55,58,n/a,45,34,49,58,58,n/a,73,n/a,61,34,n/a,44,29,41,39,41,43,26,21,30,27,23,36,46,22,n/a,n/a,n/a,n/a,n/a,19,22,27,6,24,31,30,25,n/a,74,27,18,n/a,16,40,44,,65,16,n/a
16/1/2019,n/a,38,40,39,n/a,38,48,54,39,44,48,50,52,54,54,n/a,41,39,43,48,59,n/a,54,n/a,60,54,n/a,50,39,41,31,39,40,20,13,43,30,32,42,44,n/a,n/a,n/a,29,n/a,n/a,18,23,21,7,20,27,35,29,n/a,53,20,17,n/a,14,44,40,,53,14,n/a
17/1/2019,n/a,45,45,42,n/a,38,51,53,51,49,49,52,58,44,56,n/a,47,44,45,n/a,44,n/a,52,n/a,59,77,n/a,53,48,41,47,48,50,25,22,32,22,19,28,44,18,n/a,n/a,23,n/a,n/a,14,17,19,7,17,34,33,25,n/a,33,18,16,n/a,12,41,34,,58,8,n/a
18/1/2019,n/a,26,31,32,n/a,32,35,35,38,34,35,40,38,34,46,n/a,27,27,33,36,22,n/a,35,n/a,59,60,n/a,33,30,25,25,23,26,30,29,30,19,17,23,28,13,n/a,n/a,28,n/a,n/a,17,18,21,8,18,41,27,22,n/a,15,21,16,n/a,13,43,23,,41,10,n/a
19/1/2019,n/a,39,46,45,n/a,44,52,51,57,53,53,55,56,49,48,n/a,46,42,49,40,34,n/a,46,n/a,67,69,n/a,38,36,40,n/a,36,43,36,31,32,33,27,36,41,13,n/a,n/a,34,n/a,n/a,15,18,27,8,18,39,32,28,n/a,37,19,24,n/a,14,42,40,,47,9,n/a
20/1/2019,n/a,50,49,52,n/a,44,60,80,62,64,62,57,67,62,68,n/a,57,54,66,51,52,n/a,68,n/a,72,89,n/a,59,46,54,44,52,49,31,25,36,36,26,37,51,21,n/a,n/a,45,n/a,n/a,19,19,29,6,24,39,37,32,n/a,61,21,25,n/a,16,41,48,,56,10,n/a
21/1/2019,n/a,57,66,60,n/a,55,71,86,72,83,74,75,82,73,78,n/a,65,56,61,61,61,n/a,62,n/a,75,86,n/a,72,55,67,61,58,59,26,21,28,34,20,37,51,20,n/a,n/a,29,n/a,n/a,21,22,24,7,25,39,43,24,n/a,44,23,26,n/a,18,45,45,,68,12,n/a
22/1/2019,n/a,40,40,43,n/a,39,52,59,52,50,50,52,57,47,73,n/a,46,42,46,53,52,n/a,n/a,n/a,65,67,n/a,54,46,51,60,48,51,30,26,35,37,28,43,46,25,n/a,n/a,27,n/a,n/a,23,24,29,7,21,44,41,25,n/a,28,18,28,n/a,18,44,33,,70,15,n/a
23/1/2019,n/a,41,41,39,n/a,36,50,60,47,45,49,47,58,43,55,n/a,45,45,50,48,n/a,n/a,n/a,38,67,76,n/a,43,37,35,46,30,35,37,31,40,34,30,41,41,27,n/a,n/a,36,n/a,n/a,21,23,34,n/a,24,48,38,32,n/a,30,23,28,n/a,16,47,39,,52,15,n/a
24/1/2019,n/a,48,45,39,n/a,36,51,55,46,43,45,46,56,38,56,n/a,45,48,49,51,n/a,n/a,74,59,80,76,n/a,40,39,37,51,43,45,31,23,39,37,32,45,56,24,n/a,n/a,48,n/a,n/a,24,27,23,n/a,28,43,47,29,n/a,42,36,11,n/a,20,46,51,,73,20,n/a
25/1/2019,n/a,60,63,59,n/a,50,74,86,74,71,66,66,81,56,87,n/a,70,65,89,57,n/a,n/a,83,58,87,106,n/a,51,47,43,60,43,51,32,25,43,37,29,46,60,33,n/a,n/a,54,n/a,n/a,26,32,18,14,30,47,54,27,n/a,64,40,17,n/a,14,59,54,,84,22,n/a
26/1/2019,n/a,51,50,52,n/a,46,64,72,60,58,61,57,70,52,70,n/a,51,54,62,63,56,n/a,66,53,89,103,n/a,65,57,48,62,54,56,30,27,40,34,22,40,50,36,n/a,n/a,37,n/a,n/a,25,34,26,33,27,42,47,24,n/a,51,31,23,n/a,17,70,62,,76,21,n/a
27/1/2019,n/a,40,42,43,n/a,42,50,43,47,46,50,47,53,43,48,n/a,39,41,47,49,52,n/a,47,41,77,67,n/a,43,34,38,53,41,39,43,44,54,43,28,40,45,22,n/a,n/a,45,n/a,n/a,19,26,27,37,30,52,44,31,n/a,33,31,27,n/a,22,53,55,,64,15,n/a
28/1/2019,n/a,55,54,51,n/a,49,65,63,60,57,63,59,66,51,62,n/a,54,57,62,55,56,n/a,61,50,82,103,n/a,49,46,42,59,46,54,44,44,45,45,30,46,58,34,n/a,n/a,46,n/a,n/a,25,25,36,60,34,53,45,32,n/a,44,35,31,n/a,20,73,66,,73,16,n/a
29/1/2019,n/a,65,67,61,n/a,56,n/a,87,71,71,72,65,76,61,74,n/a,71,71,75,63,53,n/a,66,51,83,134,n/a,57,50,43,65,65,54,45,46,49,39,35,46,63,33,n/a,n/a,39,n/a,n/a,21,24,39,51,32,57,50,33,n/a,53,27,37,n/a,22,74,64,,82,18,n/a
30/1/2019,n/a,79,84,81,n/a,70,94,104,92,84,89,90,93,78,86,n/a,77,92,84,88,79,n/a,91,72,89,113,n/a,56,44,50,74,62,74,47,47,49,51,47,53,68,24,n/a,n/a,46,n/a,n/a,17,20,40,30,30,62,55,39,n/a,70,30,39,n/a,23,75,65,,100,12,n/a
31/1/2019,n/a,58,59,52,n/a,56,69,87,66,71,70,69,71,65,84,n/a,56,n/a,65,81,83,n/a,103,79,102,97,n/a,46,30,47,62,45,55,39,38,52,60,47,59,70,19,n/a,n/a,49,n/a,n/a,16,20,39,22,33,55,65,42,n/a,69,31,25,n/a,23,68,68,,98,11,n/a
1/2/2019,n/a,32,34,39,n/a,33,43,52,44,41,45,50,47,38,43,n/a,33,34,43,45,51,n/a,76,50,53,35,n/a,30,21,24,42,32,33,38,42,51,45,36,45,56,22,n/a,n/a,31,n/a,n/a,18,21,31,32,33,47,50,34,n/a,51,31,27,n/a,25,72,48,,78,12,n/a
2/2/2019,n/a,29,32,32,n/a,29,37,48,40,37,39,46,40,34,45,n/a,25,30,33,44,59,n/a,68,56,56,32,n/a,29,22,30,42,32,32,45,47,57,56,46,58,48,15,n/a,n/a,42,n/a,n/a,13,16,35,51,33,51,58,39,n/a,48,34,31,n/a,26,73,n/a,,64,9,n/a
3/2/2019,n/a,21,26,25,n/a,21,28,31,29,26,29,36,31,24,29,n/a,20,25,27,29,25,n/a,60,42,30,27,n/a,n/a,22,25,30,29,36,30,29,53,55,43,56,54,12,n/a,n/a,66,n/a,n/a,12,13,29,34,40,40,61,39,n/a,46,49,20,n/a,32,60,n/a,,48,8,n/a
4/2/2019,n/a,20,27,28,n/a,21,30,38,31,27,30,35,31,27,29,n/a,21,21,24,32,39,n/a,65,42,33,23,n/a,22,15,20,23,23,21,23,22,33,38,31,47,61,16,n/a,n/a,76,n/a,n/a,17,18,21,40,29,31,65,30,n/a,35,50,17,n/a,20,48,41,,45,12,n/a
5/2/2019,n/a,20,24,28,n/a,21,29,35,30,24,31,38,34,26,24,n/a,20,22,28,31,34,n/a,64,41,32,23,n/a,21,13,22,24,24,22,20,18,29,41,25,44,70,n/a,n/a,n/a,74,n/a,n/a,17,18,24,38,19,29,64,26,n/a,35,51,18,n/a,15,39,42,,46,15,n/a
6/2/2019,n/a,12,17,21,n/a,17,22,33,24,18,23,29,28,18,21,n/a,15,17,19,26,29,n/a,39,30,24,18,n/a,19,n/a,16,19,18,15,26,24,47,56,35,67,47,22,n/a,n/a,99,n/a,n/a,17,24,27,42,30,35,84,32,n/a,22,49,24,n/a,15,36,27,,38,15,n/a
7/2/2019,n/a,16,19,23,n/a,21,25,37,27,22,24,30,32,21,26,n/a,19,19,20,28,31,n/a,43,32,28,22,n/a,22,n/a,19,23,21,16,26,24,76,64,68,85,28,20,n/a,n/a,94,n/a,n/a,16,20,35,42,47,40,58,40,n/a,25,57,27,n/a,25,52,34,,38,11,n/a
8/2/2019,n/a,14,22,24,n/a,21,26,41,25,21,25,34,32,20,26,n/a,19,18,22,28,32,n/a,50,37,32,14,n/a,20,n/a,15,21,21,19,25,21,49,65,45,46,43,13,n/a,n/a,97,n/a,n/a,16,17,34,41,39,36,76,35,n/a,26,62,25,n/a,19,59,37,,42,11,n/a
9/2/2019,n/a,9,15,20,n/a,15,19,34,20,16,20,28,25,17,20,n/a,13,14,16,26,26,n/a,54,30,28,7,n/a,19,11,17,17,19,15,25,24,49,96,44,82,53,20,n/a,n/a,100,n/a,n/a,14,18,39,38,33,36,65,33,n/a,26,75,26,n/a,22,48,31,,40,11,n/a
10/2/2019,n/a,13,18,22,n/a,18,22,27,25,20,23,30,28,20,20,n/a,18,19,23,29,25,n/a,44,30,32,12,n/a,22,16,16,24,24,21,29,26,66,115,52,90,51,22,n/a,n/a,99,n/a,n/a,17,20,41,43,45,49,90,34,n/a,27,78,29,n/a,30,44,33,,42,13,n/a
11/2/2019,n/a,16,22,24,n/a,22,26,38,27,23,26,28,33,23,26,n/a,18,20,23,34,29,n/a,50,36,29,15,n/a,20,15,13,22,22,22,39,38,86,106,111,102,35,15,n/a,n/a,68,n/a,n/a,17,20,35,52,59,60,129,40,n/a,34,64,33,n/a,49,51,34,,35,9,n/a
12/2/2019,n/a,24,25,33,n/a,25,34,42,36,27,36,36,39,31,37,n/a,25,23,28,32,40,n/a,63,42,38,17,n/a,18,17,15,24,29,21,82,74,88,71,95,71,30,18,n/a,n/a,45,n/a,n/a,17,13,59,45,58,90,101,67,n/a,36,23,60,n/a,46,58,52,,41,10,n/a
13/2/2019,n/a,45,44,52,n/a,50,59,64,62,58,61,67,66,55,58,n/a,47,52,52,60,57,n/a,75,60,78,64,n/a,32,30,31,34,40,35,74,72,54,37,41,55,42,15,n/a,n/a,65,n/a,n/a,19,18,57,41,45,74,60,59,n/a,52,36,62,n/a,40,54,66,,70,10,n/a
14/2/2019,n/a,19,28,28,n/a,24,29,42,31,27,28,39,34,25,29,n/a,22,21,24,37,39,n/a,71,40,41,19,n/a,20,17,21,24,22,20,42,42,56,40,49,62,53,17,n/a,n/a,61,n/a,n/a,14,20,36,35,55,60,61,40,n/a,43,43,36,n/a,41,51,43,,65,11,n/a
15/2/2019,n/a,18,24,26,n/a,22,27,36,29,24,26,31,32,23,26,n/a,21,20,23,27,31,n/a,48,33,29,16,n/a,19,15,20,23,23,18,46,38,65,49,55,68,38,16,n/a,n/a,74,n/a,n/a,17,22,42,34,59,72,55,52,n/a,34,60,40,n/a,47,54,32,,43,9,n/a
16/2/2019,n/a,14,19,22,n/a,21,21,32,25,21,22,30,28,20,28,n/a,17,17,17,25,27,n/a,46,30,30,15,n/a,18,12,17,20,20,15,56,46,54,43,52,62,36,20,n/a,n/a,79,n/a,n/a,17,20,47,37,46,75,48,52,n/a,28,69,47,n/a,44,49,28,,46,10,n/a
17/2/2019,n/a,10,14,17,n/a,15,18,27,20,17,16,22,25,17,22,n/a,13,15,15,19,23,n/a,34,23,27,13,n/a,13,9,14,18,16,14,40,41,28,20,31,32,39,20,n/a,n/a,52,n/a,n/a,21,19,32,34,30,51,27,29,n/a,21,27,39,n/a,21,40,28,,39,12,n/a
18/2/2019,n/a,8,12,15,n/a,13,16,30,20,14,16,19,25,14,23,n/a,11,12,14,19,23,n/a,36,22,25,12,n/a,15,9,14,16,14,14,47,45,43,27,39,41,27,15,n/a,n/a,42,n/a,n/a,19,19,29,43,39,56,33,46,n/a,21,22,34,n/a,29,40,26,,27,13,n/a
19/2/2019,n/a,5,n/a,13,n/a,7,13,23,16,13,13,15,21,11,14,n/a,8,10,13,17,19,n/a,29,16,12,9,n/a,12,8,11,14,18,12,60,52,47,27,41,44,27,17,n/a,n/a,51,n/a,n/a,19,19,32,49,42,63,36,59,n/a,20,25,40,n/a,34,55,22,,28,12,n/a
20/2/2019,n/a,7,n/a,15,n/a,8,16,34,19,14,14,19,22,14,19,n/a,10,11,13,15,23,n/a,34,22,23,11,n/a,12,11,16,13,20,10,57,51,59,37,51,54,34,16,n/a,n/a,60,n/a,n/a,19,16,34,43,49,66,41,60,n/a,21,30,42,n/a,36,52,27,,31,13,n/a
21/2/2019,n/a,13,16,20,n/a,13,21,33,24,18,20,26,26,17,21,n/a,14,14,16,22,26,n/a,41,26,26,14,n/a,19,14,19,11,25,15,63,56,93,42,68,62,41,14,n/a,n/a,70,n/a,n/a,18,16,32,49,60,83,59,46,n/a,25,32,42,n/a,43,58,29,,42,9,n/a
22/2/2019,n/a,9,13,16,n/a,10,18,31,18,15,16,22,24,14,23,n/a,13,12,14,23,28,n/a,42,22,28,15,n/a,17,12,13,10,18,11,59,63,87,41,82,68,45,18,n/a,n/a,69,n/a,n/a,17,17,42,59,58,91,65,48,n/a,24,39,49,n/a,42,56,27,,41,9,n/a
23/2/2019,n/a,13,17,19,n/a,16,21,34,23,18,20,27,27,18,24,n/a,16,15,17,19,22,n/a,41,26,26,18,n/a,15,12,12,14,19,14,71,64,90,57,89,77,36,21,n/a,n/a,67,n/a,n/a,15,17,46,67,64,73,67,74,n/a,19,49,n/a,n/a,51,48,30,,42,13,n/a
24/2/2019,n/a,13,17,21,n/a,15,21,26,22,18,21,31,29,18,21,n/a,15,14,19,22,27,n/a,39,28,25,18,n/a,21,13,12,14,14,14,56,48,67,47,63,55,44,21,n/a,n/a,70,n/a,n/a,18,19,51,61,66,51,57,67,n/a,20,58,n/a,n/a,52,37,27,,43,12,n/a
25/2/2019,n/a,14,18,23,n/a,16,21,33,24,20,22,26,30,19,20,n/a,15,15,21,22,28,n/a,31,26,28,19,n/a,21,16,19,15,26,19,55,46,85,55,72,68,36,22,n/a,n/a,61,n/a,n/a,17,20,53,67,70,58,73,66,n/a,32,64,63,n/a,61,39,24,,39,9,n/a
26/2/2019,n/a,17,19,21,n/a,18,23,35,26,21,23,29,29,20,25,n/a,16,16,20,29,27,n/a,39,26,30,20,n/a,19,14,19,20,18,16,63,58,76,52,77,84,34,13,n/a,n/a,57,n/a,n/a,15,18,45,81,68,60,60,82,n/a,31,47,60,n/a,65,43,32,,33,8,n/a
27/2/2019,n/a,19,24,29,n/a,22,27,43,30,25,29,32,35,25,34,n/a,22,20,25,36,41,n/a,49,40,33,24,n/a,26,22,25,20,28,20,63,62,68,38,72,88,34,18,n/a,n/a,62,n/a,n/a,19,19,50,n/a,69,72,51,71,n/a,42,27,50,n/a,62,52,41,,40,11,n/a
28/2/2019,n/a,21,24,32,n/a,25,33,43,34,27,30,38,39,28,31,n/a,25,24,25,37,38,n/a,54,37,35,26,n/a,26,20,24,23,28,22,69,66,75,42,55,71,49,24,n/a,n/a,74,n/a,n/a,26,24,46,94,53,67,57,58,n/a,38,33,54,n/a,46,59,40,,43,15,n/a
1/3/2019,n/a,20,24,28,n/a,24,29,40,31,25,28,36,34,25,33,n/a,25,24,24,31,35,n/a,43,32,37,26,n/a,23,20,18,23,29,25,51,47,59,30,46,55,41,31,n/a,n/a,85,n/a,n/a,20,25,48,82,49,49,51,43,n/a,42,40,56,n/a,33,51,42,,47,23,n/a
2/3/2019,n/a,22,25,26,n/a,26,31,37,32,25,29,36,37,26,30,n/a,24,23,26,31,n/a,n/a,42,30,34,25,n/a,29,19,17,24,24,23,49,42,60,35,51,54,43,29,n/a,n/a,77,n/a,n/a,22,25,50,96,52,46,47,44,n/a,35,43,64,n/a,40,49,37,,43,18,n/a
3/3/2019,n/a,18,24,24,n/a,24,29,33,30,23,26,35,34,24,30,n/a,20,20,21,27,34,n/a,43,32,32,25,n/a,18,n/a,17,17,17,20,50,41,70,38,56,52,41,24,n/a,n/a,64,n/a,n/a,26,27,48,82,59,51,51,60,n/a,25,46,58,n/a,51,42,30,,39,24,n/a
4/3/2019,n/a,15,20,22,n/a,17,22,34,25,19,20,26,33,19,23,n/a,18,19,20,23,23,n/a,32,24,23,20,n/a,22,n/a,12,20,18,17,40,36,57,39,63,55,40,28,n/a,n/a,49,n/a,n/a,29,28,45,75,63,52,49,58,n/a,20,44,60,n/a,61,33,27,,40,24,n/a
5/3/2019,n/a,22,24,27,n/a,22,31,40,32,25,28,30,39,24,31,n/a,24,20,27,34,32,n/a,45,31,33,28,n/a,23,20,14,26,31,26,30,25,45,40,59,50,36,32,n/a,n/a,48,n/a,n/a,20,25,36,48,54,42,45,71,n/a,28,37,63,n/a,60,26,38,,39,23,n/a
6/3/2019,n/a,23,25,28,n/a,20,31,45,32,28,28,34,39,25,35,n/a,24,30,27,31,27,n/a,50,34,35,30,n/a,16,15,12,20,22,20,32,23,42,34,54,38,38,22,n/a,n/a,68,n/a,n/a,24,25,31,46,54,28,n/a,n/a,n/a,28,51,60,n/a,64,24,32,,26,20,n/a
7/3/2019,n/a,11,13,19,n/a,11,18,33,21,16,17,21,26,15,21,n/a,14,16,15,21,27,n/a,32,24,38,16,n/a,18,13,12,17,15,11,40,31,67,50,60,56,51,26,n/a,n/a,59,n/a,n/a,22,25,38,56,74,28,n/a,n/a,n/a,25,54,48,n/a,68,29,28,,35,16,n/a
8/3/2019,n/a,12,16,19,n/a,14,19,35,23,16,19,23,28,16,19,n/a,13,18,20,26,27,n/a,41,29,24,9,n/a,19,16,19,20,19,15,48,43,53,45,58,44,51,26,n/a,n/a,61,n/a,n/a,28,29,40,74,71,36,50,n/a,n/a,21,55,58,n/a,63,27,32,,35,16,n/a
9/3/2019,n/a,11,14,16,n/a,14,19,26,22,15,17,23,26,15,16,n/a,12,15,17,26,30,n/a,44,26,17,9,n/a,17,12,15,17,24,14,41,35,42,34,42,35,39,21,n/a,n/a,72,n/a,n/a,23,27,39,68,61,36,52,n/a,n/a,22,45,64,n/a,55,39,25,,38,17,n/a
10/3/2019,n/a,11,14,17,n/a,15,18,22,20,16,17,23,28,16,21,n/a,11,14,16,23,29,n/a,36,26,26,9,n/a,19,11,17,18,17,13,60,52,52,49,54,46,42,19,n/a,n/a,63,n/a,n/a,21,21,51,88,76,46,60,n/a,n/a,22,51,87,n/a,65,48,28,,40,18,n/a
11/3/2019,n/a,13,18,21,n/a,19,23,34,27,23,22,28,30,24,34,n/a,16,19,17,32,33,n/a,46,32,50,20,n/a,21,13,21,19,19,17,92,80,92,71,109,79,50,24,n/a,n/a,78,n/a,n/a,20,23,74,78,93,82,104,n/a,n/a,20,70,143,n/a,85,56,31,,51,15,n/a
12/3/2019,n/a,33,31,36,n/a,32,38,67,48,43,36,42,53,35,60,n/a,37,33,30,35,39,n/a,73,42,n/a,56,n/a,19,19,20,24,25,23,141,122,136,95,140,151,66,32,n/a,n/a,91,n/a,n/a,22,22,88,91,116,131,158,n/a,n/a,21,111,161,n/a,102,92,43,,81,15,n/a
13/3/2019,n/a,17,20,25,n/a,22,23,39,28,23,25,33,32,21,44,n/a,19,23,24,35,47,n/a,81,42,43,26,n/a,18,14,17,22,21,20,122,119,136,98,125,118,72,27,n/a,n/a,109,n/a,n/a,20,21,86,95,148,130,158,n/a,n/a,25,114,182,n/a,134,57,38,,84,19,n/a
14/3/2019,n/a,13,15,20,n/a,16,20,29,25,19,20,26,26,n/a,24,n/a,14,16,16,25,37,n/a,50,33,22,10,n/a,13,9,19,16,21,15,141,126,140,110,115,121,56,19,n/a,n/a,95,n/a,n/a,19,23,99,97,168,141,147,n/a,n/a,31,120,206,n/a,171,75,36,,70,15,n/a
15/3/2019,n/a,14,16,18,n/a,13,19,33,23,16,19,27,28,19,22,n/a,15,19,18,22,26,n/a,36,23,18,9,n/a,23,18,20,n/a,26,18,158,146,129,99,119,97,50,22,n/a,n/a,106,n/a,n/a,26,27,140,98,167,143,108,n/a,n/a,27,118,216,n/a,166,68,33,,44,20,n/a
16/3/2019,n/a,25,24,29,n/a,23,28,41,37,31,29,43,44,32,34,n/a,25,n/a,28,39,33,n/a,52,35,44,24,n/a,28,20,28,27,26,24,141,n/a,91,67,101,81,63,31,n/a,n/a,59,n/a,n/a,26,30,156,86,129,110,95,n/a,n/a,28,73,212,n/a,132,47,40,,77,23,n/a
17/3/2019,n/a,26,33,30,n/a,26,36,38,35,27,36,45,42,31,n/a,n/a,25,25,26,43,38,n/a,52,46,60,20,n/a,33,27,26,30,32,27,101,n/a,89,65,99,85,67,34,n/a,n/a,70,n/a,n/a,33,35,111,90,92,90,66,n/a,n/a,35,60,204,n/a,91,71,44,,60,27,n/a
18/3/2019,n/a,27,30,34,n/a,29,34,47,37,33,34,43,46,34,n/a,n/a,29,29,25,40,42,n/a,47,41,41,25,n/a,35,23,29,30,34,27,97,88,87,59,106,77,55,34,n/a,n/a,80,n/a,n/a,35,33,98,110,81,77,69,n/a,n/a,35,67,135,n/a,83,77,44,,51,25,n/a
19/3/2019,n/a,23,25,27,n/a,24,28,48,32,28,29,36,41,28,33,n/a,29,26,22,35,30,n/a,45,34,n/a,21,n/a,27,21,26,30,25,24,62,56,51,33,44,51,48,31,n/a,n/a,73,n/a,n/a,23,25,67,76,65,50,41,n/a,n/a,31,52,131,n/a,46,55,38,,47,18,n/a
20/3/2019,n/a,20,22,26,n/a,20,27,46,29,25,27,34,36,26,31,n/a,24,28,20,37,32,n/a,50,36,n/a,20,n/a,27,16,29,25,27,21,55,47,49,32,46,50,46,24,n/a,n/a,n/a,n/a,n/a,20,20,55,74,46,41,46,n/a,n/a,28,50,152,n/a,56,52,35,,40,13,n/a
21/3/2019,n/a,18,21,27,n/a,21,24,44,29,25,25,37,34,27,35,n/a,26,23,17,37,39,n/a,47,36,30,20,n/a,20,13,21,20,17,15,59,51,42,28,51,33,42,22,n/a,n/a,n/a,n/a,n/a,16,20,77,101,56,41,51,n/a,n/a,21,48,177,n/a,65,44,27,,43,12,n/a
22/3/2019,n/a,22,27,27,n/a,27,28,50,34,31,30,42,39,34,36,n/a,36,27,22,34,32,n/a,43,33,38,26,n/a,15,15,22,21,21,17,123,103,86,61,81,78,48,30,n/a,n/a,72,n/a,n/a,18,20,112,149,86,85,72,n/a,n/a,24,53,196,n/a,96,78,30,,52,18,n/a
23/3/2019,n/a,28,32,33,n/a,32,35,48,37,33,35,46,42,n/a,42,n/a,34,30,31,39,45,n/a,59,44,50,36,n/a,27,20,n/a,30,28,29,228,210,157,100,173,n/a,59,33,n/a,n/a,89,n/a,n/a,19,28,135,206,126,183,116,n/a,n/a,27,95,228,n/a,164,93,33,,68,24,n/a
24/3/2019,n/a,26,28,30,n/a,24,30,37,31,26,30,35,40,n/a,29,n/a,29,30,32,36,31,n/a,42,35,30,22,n/a,22,16,24,24,21,24,189,139,151,71,160,124,56,36,n/a,n/a,n/a,n/a,n/a,22,26,184,211,136,146,135,n/a,n/a,27,80,255,n/a,192,87,30,,58,23,n/a
25/3/2019,n/a,18,22,23,n/a,21,23,33,26,22,22,33,29,n/a,21,n/a,n/a,24,26,28,22,n/a,35,28,22,12,n/a,22,14,18,21,18,18,118,101,76,54,75,57,39,25,n/a,n/a,53,n/a,n/a,23,27,147,125,76,89,62,n/a,n/a,19,34,235,n/a,118,79,29,,26,21,n/a
26/3/2019,n/a,15,18,19,n/a,15,23,30,24,20,22,29,25,22,20,n/a,n/a,25,23,24,31,n/a,40,32,15,11,n/a,16,12,21,19,18,20,100,75,47,34,49,54,37,12,n/a,n/a,51,n/a,n/a,19,19,79,173,45,83,42,n/a,n/a,22,41,136,n/a,88,68,26,,21,9,n/a
27/3/2019,n/a,13,19,18,n/a,12,24,37,22,17,20,24,24,22,24,n/a,22,18,18,20,n/a,n/a,26,27,n/a,11,n/a,19,17,21,20,16,14,92,60,39,31,42,43,35,16,n/a,n/a,58,n/a,n/a,20,20,77,205,50,53,41,n/a,n/a,26,36,95,n/a,86,36,32,,27,12,n/a
28/3/2019,n/a,14,16,20,n/a,17,24,36,24,22,20,27,24,24,26,n/a,27,21,19,21,24,n/a,26,25,24,16,n/a,21,14,20,19,18,13,82,63,39,25,36,40,29,27,n/a,n/a,45,n/a,n/a,22,23,86,150,38,51,38,n/a,n/a,23,27,n/a,n/a,55,31,25,,17,13,n/a
29/3/2019,n/a,15,17,20,n/a,17,24,38,25,21,19,29,26,21,21,n/a,28,24,19,22,25,n/a,21,30,14,13,n/a,16,15,16,20,17,15,129,110,77,49,67,71,36,26,n/a,n/a,44,n/a,n/a,18,20,89,218,72,89,62,n/a,n/a,20,41,147,n/a,104,30,25,,21,15,n/a
30/3/2019,n/a,15,19,21,n/a,16,25,38,23,21,19,30,25,21,27,n/a,23,21,18,25,27,n/a,31,40,22,13,n/a,12,11,n/a,19,22,14,213,205,118,82,97,92,34,n/a,n/a,n/a,53,n/a,n/a,13,19,228,249,123,152,101,n/a,n/a,23,53,357,n/a,199,42,28,,31,14,n/a
31/3/2019,n/a,15,20,22,n/a,21,28,28,24,22,23,25,27,25,24,n/a,24,23,18,23,22,n/a,32,24,18,12,n/a,13,12,16,18,17,13,109,92,80,56,80,73,35,22,n/a,n/a,62,n/a,n/a,14,19,254,192,106,82,77,n/a,n/a,14,54,341,n/a,167,39,19,,37,13,n/a
1/4/2019,n/a,14,19,20,n/a,18,24,33,24,22,19,29,27,21,19,n/a,39,21,18,20,23,n/a,25,17,15,9,n/a,12,14,13,19,17,13,147,115,92,47,77,69,24,23,n/a,n/a,44,n/a,n/a,15,18,140,244,80,105,64,n/a,n/a,14,37,130,n/a,146,52,n/a,,21,12,n/a
2/4/2019,n/a,19,18,24,n/a,23,28,38,26,25,23,34,30,25,25,n/a,55,25,17,20,17,n/a,36,23,18,13,n/a,18,13,18,23,17,19,145,119,48,35,54,48,26,23,n/a,n/a,45,n/a,n/a,18,17,132,271,43,125,36,n/a,n/a,13,37,164,n/a,105,50,19,,24,11,n/a
3/4/2019,n/a,13,16,n/a,n/a,16,22,51,25,19,18,28,27,21,23,n/a,46,21,16,21,18,n/a,38,20,17,11,n/a,15,13,17,18,24,15,124,108,49,36,55,57,22,22,n/a,n/a,39,n/a,n/a,19,15,109,206,46,96,43,n/a,n/a,14,38,140,n/a,111,48,20,,20,7,n/a
4/4/2019,n/a,14,20,19,n/a,14,26,38,25,18,21,32,24,21,22,n/a,39,19,17,23,24,n/a,42,23,17,9,n/a,14,13,14,18,18,15,126,116,74,54,69,64,35,21,n/a,n/a,40,n/a,n/a,19,n/a,77,131,61,96,49,n/a,n/a,17,30,105,n/a,107,55,25,,26,11,n/a
5/4/2019,n/a,11,n/a,16,n/a,12,20,36,19,15,15,25,22,16,17,n/a,35,17,14,29,22,n/a,37,22,19,8,n/a,13,14,16,17,23,12,125,114,84,47,75,72,29,24,n/a,n/a,49,n/a,n/a,18,20,77,120,45,104,n/a,n/a,n/a,17,31,116,n/a,73,54,25,,32,13,n/a
6/4/2019,n/a,15,n/a,22,n/a,18,25,36,23,20,22,32,27,23,22,n/a,44,22,16,n/a,31,n/a,35,24,18,13,n/a,15,13,18,18,20,18,105,99,71,45,52,50,30,24,n/a,n/a,45,n/a,n/a,15,17,83,130,46,81,n/a,n/a,n/a,19,35,132,n/a,61,66,27,,27,15,n/a
7/4/2019,n/a,11,n/a,16,n/a,12,19,32,19,16,17,24,25,16,19,n/a,26,18,28,n/a,22,n/a,24,21,19,9,n/a,14,12,14,15,20,13,79,68,62,43,48,52,24,18,n/a,n/a,56,n/a,n/a,17,17,82,117,48,54,41,n/a,n/a,16,38,117,n/a,96,70,24,,20,26,n/a
8/4/2019,n/a,17,n/a,n/a,n/a,17,28,34,24,20,25,n/a,29,20,21,n/a,24,25,22,n/a,20,n/a,27,23,17,17,n/a,16,10,15,19,16,16,69,60,60,44,41,45,29,20,n/a,n/a,38,n/a,n/a,16,19,63,78,42,59,35,n/a,n/a,16,35,96,n/a,115,51,25,,16,15,n/a
9/4/2019,n/a,10,n/a,n/a,n/a,10,18,35,19,16,15,24,23,16,26,n/a,22,16,14,15,20,n/a,29,19,17,10,n/a,12,n/a,12,14,14,11,72,65,67,n/a,72,63,38,22,n/a,n/a,44,n/a,n/a,14,18,72,76,58,73,58,n/a,n/a,14,45,129,n/a,108,51,22,,30,12,n/a
10/4/2019,n/a,11,14,15,n/a,17,20,39,20,17,16,28,23,18,22,n/a,23,18,15,17,17,n/a,25,23,19,9,n/a,15,9,13,17,16,14,83,73,75,69,68,71,38,18,n/a,n/a,43,n/a,n/a,20,22,79,83,74,70,60,n/a,n/a,17,53,148,n/a,119,61,24,,33,12,n/a
11/4/2019,n/a,12,17,17,n/a,13,20,35,20,16,16,28,22,18,22,n/a,21,18,15,23,21,n/a,22,24,19,10,10,n/a,13,10,16,14,13,99,88,84,79,75,80,53,18,n/a,n/a,44,n/a,18,20,23,82,96,100,97,79,n/a,n/a,17,53,162,n/a,136,70,25,,39,16,n/a
12/4/2019,n/a,12,17,18,n/a,17,20,30,21,19,18,32,22,19,23,n/a,18,19,14,22,25,n/a,23,26,23,14,10,12,12,8,16,13,12,102,93,88,73,90,82,46,20,n/a,n/a,47,n/a,18,16,19,104,110,132,86,61,n/a,n/a,15,51,217,n/a,209,52,24,,32,15,n/a
13/4/2019,n/a,12,13,16,n/a,14,18,20,19,18,19,28,21,19,17,n/a,17,19,14,19,23,n/a,19,20,18,11,9,11,9,10,13,14,10,92,86,83,60,120,74,36,27,n/a,n/a,42,n/a,18,16,n/a,104,108,95,87,53,n/a,n/a,17,53,220,n/a,154,43,21,,31,12,n/a
14/4/2019,n/a,7,11,13,n/a,10,15,17,16,12,14,25,17,14,12,n/a,30,15,13,16,19,n/a,13,17,16,8,6,11,9,9,12,9,9,68,64,62,49,77,58,32,16,n/a,n/a,36,n/a,12,22,20,85,94,66,58,42,n/a,n/a,13,45,124,n/a,100,44,14,,28,12,n/a
15/4/2019,n/a,8,8,10,n/a,10,14,17,14,11,14,25,16,13,14,n/a,20,15,13,11,13,n/a,11,15,11,6,12,10,10,11,11,13,8,64,54,59,51,103,61,22,15,n/a,n/a,34,n/a,14,17,16,74,84,58,48,39,n/a,n/a,12,24,106,n/a,90,36,19,,22,12,n/a
16/4/2019,n/a,9,11,14,n/a,10,16,21,16,14,15,28,19,15,17,n/a,22,17,14,15,13,n/a,17,20,16,9,10,11,10,11,12,14,8,66,57,n/a,36,107,47,28,20,n/a,n/a,32,n/a,15,21,20,113,69,54,45,31,n/a,n/a,12,15,151,n/a,89,35,17,,23,15,n/a
17/4/2019,n/a,9,10,13,n/a,11,15,26,16,14,13,25,16,15,23,n/a,25,18,13,12,17,n/a,16,19,13,9,13,10,10,11,12,11,11,62,53,47,40,105,50,33,17,n/a,n/a,37,n/a,15,23,22,162,82,56,47,35,n/a,n/a,13,22,170,n/a,105,35,18,,29,18,n/a
18/4/2019,n/a,13,15,18,n/a,16,21,33,21,18,19,31,20,20,17,n/a,25,18,14,23,25,n/a,26,25,17,12,14,10,n/a,n/a,13,14,10,47,37,48,44,68,52,35,17,n/a,n/a,31,n/a,16,18,19,53,44,50,45,57,n/a,n/a,13,27,69,n/a,n/a,41,19,,35,20,n/a
19/4/2019,n/a,17,18,19,n/a,16,22,38,22,21,21,31,24,20,22,n/a,29,22,15,24,25,n/a,24,22,23,17,13,11,10,9,15,14,11,59,49,39,46,70,48,41,19,n/a,n/a,44,n/a,16,17,23,78,55,58,47,45,n/a,n/a,10,39,104,n/a,50,37,19,,31,15,n/a
20/4/2019,n/a,25,28,29,n/a,26,31,47,31,29,29,42,33,30,27,n/a,66,29,19,27,36,n/a,28,27,27,22,20,21,23,23,24,23,18,64,53,56,56,81,57,43,20,n/a,n/a,46,n/a,19,26,29,81,38,68,55,71,n/a,n/a,18,30,79,n/a,68,52,26,,37,15,n/a
21/4/2019,n/a,30,25,28,n/a,30,32,45,33,32,30,49,38,32,34,n/a,36,35,22,32,37,n/a,30,34,33,34,20,25,22,29,31,n/a,23,71,58,59,71,n/a,63,50,25,n/a,n/a,48,n/a,19,31,28,88,42,80,58,64,n/a,n/a,20,40,62,n/a,79,54,28,,46,14,n/a
22/4/2019,n/a,17,21,20,n/a,18,22,35,23,20,21,30,25,18,25,n/a,31,23,16,28,29,n/a,30,24,22,14,15,15,14,19,21,19,19,49,44,48,55,51,51,37,18,n/a,n/a,45,n/a,17,26,25,77,43,47,45,43,n/a,n/a,14,57,74,n/a,n/a,54,18,,34,18,n/a
23/4/2019,n/a,15,17,20,n/a,16,24,30,24,19,26,31,24,20,18,n/a,n/a,n/a,16,20,17,n/a,26,21,14,13,14,16,16,18,21,20,16,33,20,20,23,23,20,17,16,n/a,n/a,28,n/a,11,23,23,47,56,34,27,23,n/a,n/a,17,21,82,n/a,35,31,22,,15,17,n/a
24/4/2019,n/a,12,19,19,n/a,14,24,37,21,17,22,30,21,18,26,n/a,39,18,14,24,26,n/a,44,29,27,14,14,17,16,15,20,18,13,41,29,28,30,32,35,34,15,n/a,n/a,37,n/a,15,21,20,41,55,45,31,35,n/a,n/a,24,24,n/a,n/a,n/a,39,30,,28,14,n/a
25/4/2019,n/a,15,19,20,n/a,18,24,43,25,22,25,30,26,22,34,n/a,44,22,20,27,31,n/a,30,23,24,20,12,11,12,12,18,15,15,56,45,49,45,46,49,41,15,n/a,n/a,42,n/a,15,17,19,39,96,59,50,48,n/a,n/a,17,26,37,n/a,44,35,26,,32,14,n/a
26/4/2019,n/a,23,27,26,n/a,25,29,41,30,26,31,39,31,25,33,n/a,70,26,22,29,30,n/a,33,19,22,21,16,11,13,13,19,20,17,50,43,52,57,55,54,42,25,n/a,n/a,48,n/a,11,25,25,41,86,55,48,57,n/a,n/a,20,29,37,n/a,46,54,29,,23,19,n/a
27/4/2019,n/a,16,23,25,n/a,22,29,40,27,23,28,34,27,27,27,n/a,39,23,24,30,22,n/a,37,24,20,23,15,14,13,15,20,22,17,52,45,37,35,39,36,34,25,n/a,n/a,40,n/a,n/a,30,25,52,69,46,47,34,n/a,n/a,16,26,52,n/a,34,71,29,,19,22,n/a
28/4/2019,n/a,9,12,15,n/a,11,17,21,16,13,15,22,20,13,20,n/a,33,17,18,20,19,n/a,24,19,17,8,12,11,11,9,16,15,10,57,42,39,38,40,41,28,28,n/a,n/a,43,n/a,18,19,17,53,n/a,35,44,31,n/a,n/a,15,24,58,n/a,37,44,24,,21,12,n/a
29/4/2019,n/a,6,13,14,n/a,8,14,28,16,11,11,17,15,10,16,n/a,29,15,15,18,14,n/a,13,16,11,6,n/a,8,9,8,10,12,6,63,56,39,37,40,40,20,19,n/a,n/a,40,n/a,n/a,18,20,95,116,34,50,28,n/a,n/a,18,25,90,n/a,38,38,16,,15,18,n/a
30/4/2019,n/a,9,9,14,n/a,8,15,34,18,15,14,20,18,13,27,n/a,35,17,12,13,11,n/a,19,18,11,11,n/a,8,8,6,12,9,8,58,55,41,45,48,44,26,16,n/a,n/a,32,n/a,n/a,10,16,104,42,56,46,39,n/a,n/a,7,28,113,n/a,n/a,30,15,,14,9,n/a
1/5/2019,n/a,7,10,12,n/a,7,14,21,14,12,13,20,15,10,17,n/a,56,18,14,12,12,n/a,n/a,15,6,8,9,9,10,7,13,16,8,58,56,34,54,54,43,25,10,n/a,n/a,33,n/a,7,9,15,143,35,70,50,42,n/a,n/a,8,28,126,n/a,71,18,16,,7,10,n/a
2/5/2019,n/a,7,10,10,n/a,9,12,28,14,10,12,17,14,9,21,n/a,62,14,13,13,14,n/a,n/a,19,8,6,7,9,9,8,16,13,9,66,59,40,55,106,43,28,18,n/a,n/a,33,n/a,9,12,16,176,38,82,53,85,n/a,n/a,10,31,110,n/a,85,20,14,,5,11,n/a
3/5/2019,n/a,9,11,14,n/a,n/a,16,n/a,17,14,15,22,17,12,14,n/a,26,17,14,13,17,n/a,19,17,18,8,6,7,10,9,14,16,10,71,63,35,51,77,36,20,17,n/a,n/a,35,n/a,9,16,15,178,30,74,43,64,n/a,n/a,11,32,137,n/a,89,18,18,,11,10,n/a
4/5/2019,n/a,11,11,13,n/a,9,14,n/a,18,12,14,20,19,11,18,n/a,19,19,14,21,23,n/a,27,16,16,9,9,15,13,12,15,15,9,54,47,23,32,79,25,19,17,n/a,n/a,34,n/a,12,23,12,85,23,46,34,38,n/a,n/a,11,23,65,n/a,n/a,15,19,,8,8,n/a
5/5/2019,n/a,11,12,14,n/a,12,15,n/a,22,12,17,22,19,14,18,n/a,14,20,15,n/a,17,n/a,22,19,18,11,10,9,9,7,12,n/a,10,59,52,37,48,85,45,19,9,n/a,n/a,27,n/a,12,10,8,80,38,46,44,35,n/a,n/a,10,21,63,n/a,n/a,24,16,,16,4,n/a
6/5/2019,n/a,19,22,23,n/a,21,26,42,33,24,25,30,29,22,26,n/a,16,25,19,n/a,25,n/a,36,22,26,20,12,14,15,16,21,18,16,60,54,41,44,72,44,31,11,n/a,n/a,36,n/a,13,6,10,71,37,58,43,46,n/a,n/a,15,25,74,n/a,n/a,29,21,,24,4,n/a
7/5/2019,n/a,27,28,29,n/a,27,32,45,35,29,31,32,33,28,39,n/a,19,34,23,37,30,n/a,41,33,30,29,17,19,23,21,27,30,24,59,55,43,50,69,47,37,18,n/a,n/a,37,n/a,22,10,12,72,33,54,45,43,n/a,n/a,21,26,79,n/a,62,32,33,,26,7,n/a
8/5/2019,n/a,32,31,30,n/a,28,33,66,34,32,34,40,40,30,42,n/a,24,36,23,31,31,n/a,36,35,30,33,21,21,23,22,31,28,25,56,52,49,47,75,48,29,17,n/a,n/a,39,n/a,27,13,15,60,37,47,47,39,n/a,n/a,21,22,85,n/a,62,33,35,,25,9,n/a
9/5/2019,n/a,30,30,32,n/a,32,34,50,38,33,35,41,37,31,40,n/a,21,37,29,28,34,n/a,36,n/a,37,28,23,22,28,25,28,30,24,50,44,38,37,48,43,n/a,17,n/a,n/a,24,n/a,27,11,12,58,n/a,37,47,33,n/a,n/a,28,18,83,n/a,47,27,n/a,,30,7,n/a
10/5/2019,n/a,29,32,28,n/a,26,30,47,34,29,31,38,33,27,36,n/a,29,35,33,34,28,n/a,27,n/a,29,26,22,23,26,25,27,26,27,48,40,36,33,43,36,n/a,22,n/a,n/a,31,n/a,24,13,14,52,16,33,46,31,n/a,n/a,21,21,70,n/a,38,25,32,,27,11,n/a
11/5/2019,n/a,27,27,27,n/a,23,32,41,33,28,32,38,33,27,38,n/a,34,31,24,27,22,n/a,30,n/a,29,26,22,23,22,23,28,28,27,48,39,35,n/a,50,38,n/a,21,n/a,n/a,35,n/a,24,13,14,52,14,33,45,30,n/a,n/a,19,28,72,n/a,39,27,32,,26,10,n/a
12/5/2019,n/a,27,28,28,n/a,24,29,38,33,28,31,37,31,25,30,n/a,26,31,26,25,24,n/a,29,28,26,24,19,26,22,25,29,26,31,36,32,40,36,59,39,n/a,20,n/a,n/a,36,n/a,23,13,14,50,11,35,36,37,n/a,n/a,14,29,76,n/a,n/a,34,33,,25,10,n/a
13/5/2019,n/a,26,19,20,n/a,16,26,39,27,23,25,33,30,21,26,n/a,24,27,19,22,18,n/a,25,22,n/a,19,19,29,22,28,18,20,14,34,25,23,17,23,22,n/a,26,n/a,n/a,30,n/a,21,14,17,39,n/a,25,26,17,n/a,n/a,16,26,67,n/a,n/a,17,24,,18,10,n/a
14/5/2019,n/a,29,22,24,n/a,21,28,38,31,27,29,41,33,23,23,n/a,33,n/a,19,22,14,n/a,21,22,n/a,26,21,30,28,29,18,26,15,27,18,15,19,n/a,23,n/a,18,n/a,n/a,19,n/a,30,11,16,30,n/a,17,24,25,n/a,n/a,17,18,30,n/a,20,29,32,,16,11,n/a
15/5/2019,n/a,33,32,30,n/a,30,37,48,35,35,36,45,38,26,31,n/a,18,n/a,20,28,26,n/a,25,26,n/a,25,16,16,21,16,21,20,18,25,17,19,21,19,21,n/a,13,n/a,n/a,25,n/a,21,9,12,23,n/a,20,20,23,n/a,n/a,17,13,24,n/a,22,26,26,,17,9,n/a
16/5/2019,n/a,n/a,26,28,n/a,27,29,40,31,26,30,38,34,26,37,n/a,29,29,22,26,23,n/a,23,22,n/a,20,11,23,18,21,23,21,20,35,29,23,15,20,23,41,16,n/a,n/a,27,n/a,15,7,11,27,17,22,31,20,n/a,n/a,16,18,32,n/a,28,28,21,,19,5,n/a
17/5/2019,n/a,22,27,25,n/a,23,27,37,29,27,27,33,33,23,35,n/a,27,29,20,23,24,n/a,25,26,27,23,18,18,21,20,26,28,22,41,36,30,24,27,28,25,15,n/a,n/a,35,n/a,21,9,11,31,16,30,38,29,n/a,n/a,21,23,27,n/a,33,29,28,,24,6,n/a
18/5/2019,n/a,23,26,27,n/a,26,31,39,33,28,30,38,36,26,35,n/a,30,29,21,27,24,n/a,29,29,34,23,20,20,21,23,28,26,24,45,40,34,32,40,36,30,25,n/a,n/a,39,n/a,22,11,14,31,17,44,39,38,n/a,n/a,23,26,30,n/a,45,27,28,,23,9,n/a
19/5/2019,n/a,20,23,23,n/a,22,26,31,29,25,26,34,29,22,31,n/a,22,28,20,25,28,n/a,32,32,30,17,19,17,18,20,24,26,19,43,33,29,34,37,33,25,21,n/a,n/a,41,n/a,20,10,15,41,13,39,33,34,n/a,n/a,19,27,52,n/a,54,25,27,,21,15,n/a
20/5/2019,n/a,17,24,21,n/a,20,26,25,27,21,25,34,30,20,27,n/a,26,25,18,22,22,n/a,27,25,27,16,16,20,19,20,24,19,18,41,34,32,32,34,32,25,19,n/a,n/a,37,n/a,14,11,13,50,14,42,38,36,n/a,n/a,16,28,64,n/a,78,27,22,,17,10,n/a
21/5/2019,n/a,16,20,20,n/a,20,24,33,27,20,24,31,30,20,31,n/a,18,22,17,27,24,n/a,21,25,27,21,19,17,17,17,23,23,16,35,27,20,19,n/a,22,25,18,n/a,n/a,31,n/a,17,11,13,41,13,20,30,17,n/a,n/a,16,24,67,n/a,46,27,21,,17,7,n/a
22/5/2019,n/a,16,16,16,n/a,16,16,30,23,15,20,28,24,15,21,n/a,10,23,19,14,14,n/a,21,25,25,16,14,18,15,18,24,18,15,19,10,6,8,n/a,10,13,17,n/a,n/a,21,n/a,19,10,11,21,16,16,13,9,n/a,n/a,15,n/a,27,n/a,26,16,26,,12,5,n/a
23/5/2019,n/a,16,18,17,n/a,12,21,36,24,18,22,28,36,16,26,n/a,25,22,19,20,14,n/a,22,14,20,18,16,21,16,19,17,18,15,20,15,12,12,12,13,10,15,n/a,n/a,20,n/a,17,13,13,18,n/a,18,18,12,n/a,n/a,11,12,23,n/a,29,18,19,,8,8,n/a
24/5/2019,n/a,15,18,15,n/a,16,20,30,24,19,22,25,24,17,22,n/a,23,21,16,28,12,n/a,17,16,27,15,9,10,12,9,15,16,11,28,20,18,17,18,21,14,16,n/a,n/a,20,n/a,7,14,15,24,8,20,27,19,n/a,n/a,n/a,11,25,n/a,25,22,16,,10,11,n/a
25/5/2019,n/a,18,20,20,n/a,20,20,38,26,20,23,28,23,20,28,n/a,12,22,15,23,18,n/a,21,19,31,16,10,10,12,12,15,17,11,30,22,21,21,18,n/a,18,15,n/a,n/a,24,n/a,9,9,16,22,n/a,20,29,16,n/a,n/a,10,12,26,n/a,22,16,22,,16,9,n/a
26/5/2019,n/a,14,16,15,n/a,15,17,30,21,15,18,24,26,15,24,n/a,10,18,14,16,16,n/a,14,16,25,17,9,11,14,9,11,n/a,7,26,23,17,16,15,20,16,11,n/a,n/a,28,n/a,9,16,25,19,11,18,25,18,n/a,n/a,11,14,21,n/a,18,12,18,,14,16,n/a
27/5/2019,n/a,9,11,14,n/a,13,15,31,18,13,15,22,16,13,23,n/a,7,16,15,n/a,14,n/a,17,12,23,10,8,8,10,9,10,10,7,27,21,17,16,16,20,20,11,n/a,n/a,24,n/a,7,20,33,18,11,17,25,23,n/a,n/a,11,19,30,n/a,20,15,19,,8,16,n/a
28/5/2019,n/a,9,11,12,n/a,11,14,24,19,16,16,23,20,13,15,n/a,10,15,13,16,14,n/a,16,8,24,8,6,10,n/a,12,11,10,8,25,18,14,17,17,17,16,14,n/a,n/a,18,n/a,n/a,18,26,17,15,21,21,26,n/a,n/a,10,17,29,n/a,22,16,13,,10,15,n/a
29/5/2019,n/a,5,7,12,n/a,11,11,19,15,10,13,22,16,10,18,n/a,11,12,15,16,9,n/a,15,9,21,n/a,4,8,9,9,10,11,7,20,12,14,10,12,13,12,16,n/a,n/a,15,n/a,9,13,17,21,14,18,15,12,n/a,n/a,10,14,24,n/a,15,9,10,,7,13,n/a
30/5/2019,n/a,10,6,10,n/a,10,12,19,16,12,12,27,17,12,16,n/a,n/a,13,15,16,10,n/a,16,5,20,4,n/a,8,n/a,8,11,9,7,14,8,7,5,5,8,12,14,n/a,n/a,16,n/a,6,12,14,13,n/a,11,8,6,n/a,n/a,8,n/a,16,n/a,8,8,10,,8,15,n/a
31/5/2019,n/a,11,11,15,n/a,15,14,28,21,15,15,26,19,12,23,n/a,10,16,12,19,12,n/a,15,12,21,n/a,n/a,9,n/a,6,14,n/a,9,17,12,8,8,7,10,7,12,n/a,n/a,16,n/a,13,12,15,7,n/a,9,12,7,n/a,n/a,11,10,8,n/a,7,10,16,,7,9,n/a
1/6/2019,n/a,11,11,14,n/a,9,15,32,20,14,17,25,20,14,25,n/a,10,17,14,16,14,n/a,12,11,20,9,11,8,12,7,14,n/a,10,17,12,10,8,11,10,14,15,n/a,n/a,17,n/a,11,9,15,11,7,10,14,8,n/a,n/a,11,10,12,n/a,9,7,16,,8,6,n/a
2/6/2019,n/a,8,13,10,n/a,8,16,18,15,12,13,21,14,10,24,n/a,6,12,12,14,12,n/a,17,13,19,16,10,9,11,7,13,n/a,10,17,12,7,8,9,7,7,14,n/a,n/a,14,n/a,10,14,11,13,n/a,11,16,4,n/a,n/a,11,6,17,n/a,13,6,16,,5,6,n/a
3/6/2019,n/a,13,13,14,n/a,11,17,19,22,15,17,24,21,11,17,n/a,14,16,17,12,11,n/a,20,n/a,23,13,n/a,15,11,13,17,n/a,11,13,8,5,6,8,7,8,12,n/a,n/a,17,n/a,12,11,11,13,17,8,9,6,n/a,n/a,8,9,15,n/a,9,8,17,,7,6,n/a
4/6/2019,n/a,12,13,14,n/a,16,18,25,21,15,19,24,19,14,18,n/a,10,13,13,13,17,n/a,19,n/a,23,8,13,9,11,6,12,16,9,15,8,7,6,8,6,9,14,n/a,n/a,18,n/a,13,9,12,13,18,10,8,7,n/a,n/a,10,9,17,n/a,9,7,16,,8,7,n/a
5/6/2019,n/a,10,13,14,n/a,10,18,27,20,15,17,27,17,12,19,n/a,10,12,16,22,17,n/a,22,n/a,20,9,11,12,11,11,14,14,11,14,11,8,5,8,7,10,22,n/a,n/a,19,n/a,13,12,12,10,12,14,9,9,n/a,n/a,12,10,15,n/a,8,9,18,,8,8,n/a
6/6/2019,n/a,16,16,18,n/a,17,22,31,24,20,23,32,23,16,21,n/a,16,20,14,15,12,n/a,17,14,22,23,7,14,13,12,16,14,14,15,10,7,8,8,7,18,7,n/a,n/a,20,n/a,11,7,9,11,n/a,12,11,n/a,n/a,n/a,9,9,10,n/a,9,10,13,,8,6,n/a
7/6/2019,n/a,23,19,19,n/a,17,26,25,25,23,25,35,23,20,25,n/a,21,23,16,15,17,n/a,25,14,18,12,7,13,13,13,13,16,13,16,8,7,8,10,11,23,10,n/a,n/a,16,n/a,7,11,10,13,14,12,12,n/a,n/a,n/a,9,10,17,n/a,11,10,12,,11,3,n/a
8/6/2019,n/a,10,12,14,n/a,12,n/a,23,18,13,19,32,14,14,21,n/a,9,14,14,18,14,n/a,21,8,19,12,7,8,9,6,15,11,10,17,10,11,15,14,14,24,9,n/a,n/a,17,n/a,10,10,12,21,17,15,14,n/a,n/a,n/a,7,10,17,n/a,10,11,14,,7,5,n/a
9/6/2019,n/a,12,9,11,n/a,11,n/a,21,16,14,14,23,15,12,18,n/a,6,11,12,10,11,n/a,11,6,15,12,6,5,10,5,9,10,8,16,10,14,15,14,15,11,11,n/a,n/a,15,n/a,7,9,11,16,16,12,15,n/a,n/a,n/a,6,11,17,n/a,10,8,10,,6,5,n/a
10/6/2019,n/a,8,8,10,n/a,7,n/a,25,14,12,11,16,13,11,19,n/a,7,11,12,11,10,n/a,14,6,16,n/a,n/a,15,10,7,11,9,7,12,5,7,11,9,8,n/a,8,n/a,n/a,13,n/a,4,12,17,13,14,14,8,n/a,n/a,n/a,6,9,13,n/a,11,9,11,,6,17,n/a
11/6/2019,n/a,9,10,14,n/a,10,16,33,17,14,16,26,17,12,24,n/a,23,12,11,n/a,10,n/a,17,n/a,22,6,n/a,8,11,7,12,6,7,12,9,3,11,9,8,16,12,n/a,n/a,17,n/a,n/a,21,22,9,20,10,9,7,n/a,n/a,7,8,8,n/a,9,9,11,,9,16,n/a
12/6/2019,n/a,8,9,11,n/a,8,13,26,13,11,12,16,15,9,21,n/a,20,12,13,14,11,n/a,20,7,20,3,8,6,11,8,14,8,8,15,10,11,8,10,9,16,17,n/a,n/a,16,n/a,n/a,13,21,10,16,12,12,8,n/a,n/a,7,11,12,n/a,12,7,15,,10,16,n/a
13/6/2019,n/a,9,12,9,n/a,12,15,21,14,11,12,19,17,11,21,n/a,24,14,13,10,13,n/a,18,12,22,5,7,n/a,11,n/a,14,10,9,13,14,10,8,8,7,15,16,n/a,n/a,17,n/a,10,15,24,10,19,13,11,8,n/a,n/a,10,9,10,n/a,11,7,15,,9,16,n/a
14/6/2019,n/a,8,7,10,n/a,10,11,24,13,10,15,18,15,10,24,n/a,22,13,13,18,11,n/a,17,11,20,5,6,n/a,12,n/a,12,10,7,12,15,11,11,9,9,12,16,n/a,29,18,n/a,8,14,21,10,16,13,11,10,n/a,n/a,9,9,8,n/a,10,9,13,,11,16,n/a
15/6/2019,n/a,10,11,12,n/a,10,11,25,15,12,17,22,15,13,22,n/a,10,14,12,12,9,n/a,13,11,22,6,6,8,8,7,13,11,9,18,20,15,11,9,11,7,11,n/a,15,19,n/a,10,11,20,13,11,13,14,9,n/a,n/a,9,13,15,n/a,12,9,16,,8,10,n/a
16/6/2019,n/a,11,11,15,n/a,12,10,22,17,16,20,30,15,15,22,n/a,8,12,12,13,8,n/a,15,8,17,7,5,8,9,8,11,n/a,7,15,14,11,11,7,8,7,11,n/a,22,16,n/a,7,16,24,10,14,11,11,6,n/a,n/a,8,6,12,n/a,10,6,10,,10,14,n/a
17/6/2019,n/a,8,10,11,n/a,11,9,22,13,10,16,17,13,10,19,n/a,8,10,11,14,7,n/a,9,6,19,4,3,6,8,6,10,n/a,7,11,14,9,11,9,6,8,17,n/a,32,15,n/a,4,14,35,7,14,9,8,4,n/a,n/a,6,n/a,10,n/a,9,7,10,,6,20,n/a
18/6/2019,n/a,8,7,10,n/a,6,9,22,12,10,14,22,14,7,19,n/a,16,11,11,21,9,n/a,12,6,20,3,4,6,10,8,9,7,6,12,15,10,11,7,6,9,10,n/a,29,15,n/a,5,12,22,8,14,8,9,4,n/a,n/a,7,n/a,8,n/a,7,8,10,,9,18,n/a
19/6/2019,n/a,8,7,10,n/a,5,9,26,13,11,16,17,16,8,18,n/a,n/a,10,12,12,13,n/a,16,12,19,3,4,7,10,7,10,8,7,15,14,12,10,8,8,14,13,n/a,22,17,n/a,5,12,22,10,9,9,11,9,n/a,n/a,n/a,7,11,n/a,8,6,11,,11,20,n/a
20/6/2019,n/a,15,13,14,n/a,12,14,34,18,16,21,28,20,15,33,n/a,15,9,16,16,14,n/a,18,14,19,11,6,9,11,8,11,11,10,14,16,12,13,8,9,11,17,n/a,19,21,n/a,8,18,21,10,6,11,13,8,n/a,n/a,10,9,11,n/a,9,9,18,,9,17,n/a
21/6/2019,n/a,19,14,14,n/a,12,16,34,21,18,25,25,23,14,23,n/a,17,20,16,13,13,n/a,20,19,20,14,9,9,10,9,13,14,11,15,15,14,13,11,10,14,14,n/a,14,20,n/a,15,13,14,10,12,13,14,12,n/a,n/a,11,13,7,n/a,10,11,21,,12,10,n/a
22/6/2019,n/a,17,15,16,n/a,15,17,21,19,17,24,29,23,15,23,n/a,16,20,17,15,18,n/a,24,21,25,13,14,15,12,16,19,16,16,16,17,16,16,13,10,18,12,n/a,14,21,n/a,24,12,12,15,9,15,15,12,n/a,n/a,15,12,8,n/a,14,15,25,,12,6,n/a
23/6/2019,n/a,17,14,16,n/a,12,17,21,20,15,23,29,24,15,19,n/a,14,19,17,17,16,n/a,23,17,25,11,11,13,9,14,14,14,11,19,17,19,16,15,14,21,14,n/a,13,23,n/a,16,9,10,15,10,18,16,15,n/a,n/a,13,17,7,n/a,19,16,18,,12,4,n/a
24/6/2019,n/a,14,12,12,n/a,10,14,20,16,11,20,24,19,11,12,n/a,12,14,15,16,13,n/a,49,8,19,7,5,7,9,8,12,9,10,20,16,19,n/a,17,17,20,11,n/a,16,19,n/a,8,13,15,18,12,19,16,19,n/a,n/a,8,12,14,n/a,20,12,14,,9,8,n/a
25/6/2019,n/a,16,11,12,n/a,12,13,32,18,15,20,25,21,11,n/a,17,n/a,17,13,10,13,n/a,n/a,9,19,14,6,5,9,6,8,8,6,17,14,14,14,15,11,13,11,n/a,25,19,n/a,8,12,17,13,9,15,15,10,n/a,n/a,9,11,9,n/a,14,9,16,,7,12,8
26/6/2019,n/a,11,8,9,n/a,9,12,34,14,12,16,20,17,11,18,10,9,10,12,9,9,n/a,n/a,8,17,n/a,n/a,6,9,7,8,5,5,17,13,11,11,11,6,10,11,n/a,17,14,n/a,7,13,23,18,6,9,12,6,n/a,n/a,7,9,8,n/a,10,8,19,,5,7,7
27/6/2019,n/a,17,9,12,n/a,13,14,42,20,17,19,25,n/a,13,21,16,12,16,13,8,8,n/a,n/a,6,17,14,8,7,12,7,12,9,7,12,7,7,10,9,6,10,16,10,21,13,n/a,6,21,21,25,4,8,8,4,n/a,n/a,8,6,10,n/a,7,5,14,,6,12,7
28/6/2019,n/a,16,14,16,n/a,13,18,46,18,17,21,20,n/a,15,21,17,14,14,13,17,12,n/a,n/a,11,22,13,10,7,12,10,12,13,6,12,9,10,10,8,7,11,17,9,30,15,14,11,26,27,15,5,9,7,7,n/a,n/a,8,8,9,n/a,6,7,15,,7,23,9
29/6/2019,n/a,7,7,10,n/a,11,13,25,13,12,17,18,12,9,15,10,9,10,12,10,9,n/a,n/a,7,17,6,7,6,9,8,n/a,8,7,12,7,10,12,8,7,10,20,16,38,15,13,6,23,33,15,6,8,7,6,n/a,n/a,8,5,7,n/a,5,8,14,,7,27,6
30/6/2019,n/a,9,9,13,n/a,8,14,20,14,11,16,25,13,10,13,10,11,11,12,9,10,n/a,n/a,10,16,7,7,9,10,10,13,9,8,13,8,12,9,7,8,12,20,11,33,17,14,7,22,34,12,5,8,8,7,n/a,n/a,7,9,6,n/a,5,7,11,,7,22,8
1/7/2019,n/a,15,15,17,n/a,11,19,33,19,17,25,31,18,16,24,13,14,18,15,13,11,n/a,n/a,12,22,17,14,10,12,13,17,13,12,16,8,14,11,8,9,17,14,11,30,16,17,7,22,33,11,6,9,12,7,n/a,4,7,5,8,n/a,6,8,16,,11,20,10
2/7/2019,n/a,24,17,21,n/a,16,22,34,26,28,29,35,26,19,27,19,22,22,14,16,17,n/a,n/a,13,24,n/a,13,13,11,n/a,17,14,10,23,19,17,12,15,13,20,19,14,34,18,20,14,28,40,12,9,10,18,11,n/a,7,10,10,10,n/a,n/a,10,18,,13,26,17
3/7/2019,n/a,20,16,17,n/a,14,20,32,20,21,26,34,25,13,15,19,16,25,18,11,8,n/a,n/a,7,22,n/a,11,9,11,13,18,17,11,20,15,14,10,11,13,12,15,6,31,13,12,7,36,35,11,8,13,13,8,n/a,7,2,7,9,n/a,8,8,10,,10,18,14
4/7/2019,n/a,20,15,16,n/a,14,20,33,21,19,24,28,23,15,8,16,17,16,16,12,10,n/a,n/a,9,18,15,14,10,12,12,14,12,9,22,14,11,10,9,9,10,16,8,24,13,15,13,28,26,16,6,11,11,3,n/a,5,6,7,13,n/a,9,7,15,,7,18,8
5/7/2019,n/a,14,13,14,n/a,10,17,30,17,11,21,29,17,11,8,15,11,12,13,25,11,n/a,13,n/a,17,6,8,9,9,8,n/a,9,8,11,8,8,9,7,6,12,21,15,40,14,12,4,33,35,11,4,9,8,3,n/a,n/a,7,9,11,n/a,6,5,10,,9,26,6
6/7/2019,n/a,21,19,21,n/a,9,25,32,22,19,31,35,22,18,14,16,18,20,16,21,11,n/a,23,10,22,11,12,13,13,12,n/a,12,12,13,6,7,12,8,7,11,26,14,32,17,17,9,n/a,30,11,4,10,7,7,n/a,6,7,n/a,11,n/a,6,6,14,,12,24,9
7/7/2019,n/a,17,16,16,n/a,8,18,30,24,17,26,34,17,15,7,11,12,17,17,10,11,n/a,n/a,15,21,14,11,9,15,14,n/a,15,10,14,8,11,9,7,9,12,19,10,25,15,16,10,23,24,8,5,11,10,7,n/a,9,10,9,7,n/a,6,7,20,,10,23,12
8/7/2019,n/a,16,14,15,n/a,12,15,35,18,15,24,21,16,15,12,10,12,13,15,16,14,n/a,n/a,13,24,13,11,9,12,8,n/a,12,11,16,11,10,9,12,9,13,17,11,31,16,16,13,18,22,10,6,12,14,5,n/a,7,9,12,9,n/a,8,10,21,,9,19,13
9/7/2019,n/a,16,13,16,n/a,16,15,29,20,16,25,23,20,16,22,12,13,16,16,17,16,n/a,21,15,24,10,10,9,11,13,15,12,12,19,12,12,11,13,13,15,20,12,25,19,18,13,15,19,12,7,14,13,8,n/a,9,10,13,10,n/a,9,8,17,,10,13,15
10/7/2019,n/a,20,17,18,n/a,12,16,36,23,20,27,26,23,17,26,13,19,18,16,15,13,n/a,20,11,22,12,11,9,11,13,17,11,10,17,11,13,9,11,12,15,21,12,21,18,n/a,11,15,20,12,7,16,13,7,n/a,8,12,14,11,n/a,11,9,19,,12,14,14
11/7/2019,n/a,19,14,17,n/a,14,18,35,19,16,24,26,28,15,28,17,21,22,16,19,17,n/a,22,14,25,17,12,10,15,11,15,16,11,16,11,8,9,8,8,17,23,12,23,20,19,12,11,15,10,7,12,11,7,n/a,6,13,12,11,n/a,8,10,23,,12,18,12
12/7/2019,n/a,16,14,14,n/a,11,15,31,20,15,24,24,22,14,24,16,16,19,16,16,17,n/a,25,15,26,14,14,10,19,15,16,15,15,17,12,13,12,10,10,17,20,11,22,20,19,17,10,14,10,7,14,12,6,n/a,7,11,11,11,n/a,9,10,21,,12,15,13
13/7/2019,n/a,17,13,14,n/a,12,16,32,20,16,23,24,19,13,24,18,17,17,16,14,15,n/a,18,14,21,16,12,9,12,11,16,14,11,16,10,10,10,10,9,19,23,15,27,19,22,14,12,20,11,5,14,11,7,n/a,6,11,11,8,n/a,10,7,21,,10,13,15
14/7/2019,n/a,12,13,13,n/a,10,13,22,17,12,19,22,16,12,25,11,12,18,14,9,10,n/a,14,11,18,11,13,8,12,7,13,13,12,12,7,8,11,9,6,10,15,7,18,16,14,15,17,20,7,4,10,8,4,n/a,4,12,9,6,n/a,6,6,20,,10,9,11
15/7/2019,n/a,14,9,13,n/a,11,12,26,17,13,20,24,17,13,19,15,13,14,13,10,12,n/a,15,8,16,15,9,9,11,8,9,12,6,14,9,10,12,8,8,14,13,5,16,14,16,14,12,13,7,5,10,10,4,n/a,5,10,9,6,n/a,6,6,16,,8,7,10
16/7/2019,n/a,14,9,12,n/a,8,12,24,18,13,21,24,17,10,23,12,11,n/a,15,8,10,n/a,16,11,18,11,7,5,12,5,8,11,8,15,8,9,12,9,8,11,13,3,16,17,13,10,14,13,13,6,11,10,5,n/a,7,9,10,9,n/a,9,6,17,,9,7,9
17/7/2019,n/a,12,9,12,n/a,9,10,25,17,11,19,20,15,10,15,10,8,12,11,8,11,n/a,19,11,14,9,5,6,12,5,9,14,7,14,8,12,15,9,9,15,10,5,14,17,15,10,16,14,13,7,13,11,6,n/a,7,6,9,11,n/a,8,8,12,,9,10,7
18/7/2019,n/a,13,9,11,n/a,5,12,28,15,11,17,20,16,10,17,11,9,20,12,8,11,n/a,14,10,13,8,7,6,11,7,10,9,6,14,11,13,14,10,12,19,8,5,15,21,18,10,24,26,11,6,16,12,12,n/a,9,9,12,9,n/a,10,9,12,,9,9,6
19/7/2019,n/a,13,8,12,n/a,8,12,29,16,11,20,21,15,10,20,12,10,21,12,10,11,n/a,14,9,10,11,9,6,13,7,9,7,6,15,10,14,13,10,13,15,7,6,26,19,17,8,13,23,12,8,16,10,10,n/a,9,9,14,8,n/a,10,10,12,,9,16,9
20/7/2019,n/a,12,11,12,n/a,13,14,24,17,13,22,28,16,12,18,16,7,20,11,17,11,n/a,12,8,10,13,8,5,11,5,9,7,6,16,10,13,n/a,9,11,16,9,5,39,17,14,9,20,27,11,10,15,12,9,n/a,7,n/a,15,7,n/a,9,8,10,,8,17,6
21/7/2019,n/a,6,6,7,n/a,5,8,16,10,6,13,13,13,6,12,9,5,12,12,6,7,n/a,13,10,8,5,6,6,12,4,10,6,7,13,8,12,10,9,11,13,11,7,27,17,13,6,21,29,9,6,15,11,10,n/a,8,n/a,7,8,n/a,9,6,8,,7,17,4
22/7/2019,n/a,12,n/a,11,n/a,8,12,22,14,10,19,22,18,11,19,14,8,17,13,12,11,n/a,18,10,13,9,12,8,10,12,11,6,9,12,7,10,13,6,6,15,12,8,28,17,13,9,20,28,7,3,9,9,6,n/a,5,n/a,7,6,n/a,5,6,13,,8,22,11
23/7/2019,n/a,17,11,14,n/a,12,15,34,18,15,20,28,19,14,22,17,14,27,12,11,n/a,n/a,19,12,12,14,13,9,11,11,15,13,9,14,9,10,9,9,5,13,14,9,28,19,18,10,15,21,7,4,9,11,7,n/a,6,9,10,8,n/a,4,9,14,,8,20,12
24/7/2019,n/a,22,16,16,n/a,12,20,n/a,23,17,26,24,22,15,24,19,20,29,18,14,n/a,n/a,18,10,12,13,12,7,13,9,10,13,13,13,9,10,9,7,5,9,20,14,23,17,15,10,12,16,6,3,7,10,6,n/a,6,7,7,8,n/a,5,6,15,,8,13,12
25/7/2019,n/a,17,10,14,n/a,8,14,35,17,13,20,25,19,16,20,16,15,25,20,11,n/a,n/a,14,6,12,17,12,6,12,8,11,10,9,13,9,8,11,5,6,6,19,12,31,14,12,10,17,20,6,3,7,9,7,n/a,6,6,6,4,n/a,3,4,13,,7,16,9
26/7/2019,n/a,16,17,15,n/a,16,21,37,21,16,26,30,26,16,20,21,18,31,23,13,12,n/a,25,8,12,14,14,8,12,9,13,15,14,14,10,9,7,6,6,8,23,13,25,13,14,13,16,23,5,4,7,12,9,n/a,6,9,5,6,n/a,4,7,14,,8,18,11
27/7/2019,n/a,12,10,14,n/a,11,16,28,17,11,22,24,22,12,18,19,13,29,20,15,15,n/a,19,16,16,13,14,11,13,11,15,13,12,15,12,11,7,6,7,11,19,11,32,15,16,n/a,16,28,5,4,8,13,9,n/a,6,8,6,5,n/a,3,9,18,,7,19,11
28/7/2019,n/a,9,14,11,n/a,10,15,21,17,11,20,23,20,13,15,14,12,24,17,14,15,n/a,22,17,12,11,n/a,10,10,13,13,9,10,14,11,10,n/a,7,7,14,14,12,25,19,19,15,18,27,5,5,11,12,6,n/a,7,11,8,6,n/a,5,8,18,,8,17,10
29/7/2019,n/a,8,6,7,n/a,12,11,20,13,6,12,20,16,8,9,7,8,17,13,6,8,n/a,13,11,8,10,n/a,6,10,7,8,8,7,14,8,9,17,7,6,8,17,13,28,19,14,9,26,30,5,4,11,11,8,n/a,6,5,10,6,n/a,5,6,14,,6,19,6
30/7/2019,n/a,9,8,10,n/a,14,13,21,15,10,16,18,18,9,15,9,11,22,16,11,10,n/a,15,9,10,13,13,7,11,11,11,13,8,14,9,12,11,8,7,8,19,11,23,18,13,9,32,31,6,5,8,9,9,n/a,6,8,10,7,n/a,5,8,16,,9,18,7
31/7/2019,n/a,11,11,12,n/a,14,16,n/a,17,13,18,18,20,11,22,10,11,23,16,10,10,n/a,13,10,10,12,12,9,13,10,12,17,7,17,12,11,10,6,9,7,16,13,26,16,16,9,26,27,5,6,6,15,8,n/a,4,8,8,6,n/a,4,9,16,,7,19,9
1/8/2019,n/a,11,10,13,n/a,11,14,30,16,11,20,17,19,12,20,9,10,22,16,9,10,n/a,13,10,12,13,11,8,13,6,12,11,7,13,10,8,9,5,6,8,16,9,23,14,15,n/a,23,27,4,4,6,11,5,n/a,5,5,7,7,n/a,3,5,14,,8,18,8
2/8/2019,n/a,11,8,11,n/a,11,12,25,15,11,17,19,20,9,17,9,10,27,18,10,9,n/a,21,7,9,15,12,10,15,8,12,15,7,13,9,10,9,6,7,10,17,14,31,13,13,10,27,37,5,4,6,12,6,n/a,6,6,5,11,n/a,5,6,11,,7,22,7
3/8/2019,n/a,10,8,12,n/a,11,13,23,14,10,17,19,19,11,16,10,10,23,14,11,10,n/a,21,12,n/a,11,11,7,14,6,9,15,8,12,7,10,13,9,6,15,17,12,30,14,15,6,32,41,5,4,8,9,8,n/a,6,8,n/a,3,n/a,5,6,14,,n/a,21,8
4/8/2019,n/a,7,7,10,n/a,10,11,16,12,7,13,22,18,10,14,6,6,20,11,7,7,n/a,12,8,10,9,10,7,12,7,8,11,6,16,11,9,11,6,7,18,11,9,40,16,13,6,33,44,4,4,6,11,7,n/a,5,9,8,8,n/a,3,6,11,,7,34,5
5/8/2019,n/a,6,7,11,n/a,9,13,26,14,8,14,16,18,9,14,7,9,22,12,9,10,n/a,13,5,11,6,9,7,13,10,8,11,6,11,8,9,n/a,6,7,16,12,9,43,17,14,7,44,44,4,3,7,8,7,n/a,5,10,11,5,n/a,4,7,12,,9,35,6
6/8/2019,n/a,11,8,12,n/a,9,14,32,16,12,17,22,20,10,15,12,13,25,14,12,8,n/a,12,7,10,11,10,8,n/a,11,9,9,8,13,7,9,n/a,8,7,11,10,10,38,16,13,8,42,43,5,4,7,10,12,n/a,8,8,11,7,n/a,4,8,14,,7,32,8
7/8/2019,n/a,15,9,13,n/a,8,15,38,16,14,18,17,23,12,19,13,11,23,14,9,10,n/a,17,11,9,13,10,7,10,8,10,9,6,14,9,8,12,6,7,8,13,11,32,16,14,7,40,39,6,4,8,11,7,n/a,6,8,8,8,n/a,5,7,14,,8,25,8
8/8/2019,n/a,13,10,12,n/a,10,13,31,15,11,15,19,21,10,18,12,13,26,18,8,7,n/a,14,10,8,16,11,7,9,9,9,12,10,14,9,12,10,8,9,8,16,9,22,14,13,8,31,29,6,5,7,12,7,n/a,6,8,7,7,n/a,6,6,12,,6,16,7
9/8/2019,n/a,14,11,13,n/a,13,16,39,19,13,18,20,20,12,20,11,14,23,14,9,6,n/a,16,7,10,15,8,7,9,9,9,10,7,18,13,12,8,6,9,7,12,6,17,18,11,4,28,27,6,6,6,15,7,n/a,8,7,12,11,n/a,5,6,12,,7,14,6
10/8/2019,n/a,5,7,9,n/a,8,11,21,11,6,13,17,14,7,16,10,10,22,9,11,8,n/a,16,5,n/a,n/a,6,6,11,7,9,n/a,6,15,12,10,8,8,6,10,7,6,16,14,10,8,9,12,5,6,5,14,5,n/a,6,7,6,5,n/a,3,5,10,,7,6,5
11/8/2019,n/a,4,7,9,n/a,8,13,15,12,6,12,15,17,7,14,8,10,21,9,7,13,n/a,12,5,10,4,n/a,7,11,7,10,n/a,7,13,9,9,8,6,7,13,10,7,17,15,13,n/a,21,22,4,5,5,11,6,n/a,4,10,4,8,n/a,4,8,11,,10,18,6
12/8/2019,n/a,5,6,9,n/a,8,12,15,12,6,11,17,16,9,10,6,8,22,11,13,12,n/a,17,9,10,5,9,8,11,7,10,9,9,16,11,12,9,8,10,10,10,9,31,19,14,n/a,20,34,6,6,8,16,11,n/a,8,9,6,8,n/a,4,10,n/a,,8,24,8
13/8/2019,n/a,8,11,11,n/a,11,16,27,15,9,18,21,19,12,18,10,10,23,14,17,14,n/a,19,11,12,7,12,8,12,9,12,9,10,18,15,12,8,11,12,12,18,8,36,19,15,12,25,30,8,7,12,16,11,n/a,9,8,8,9,n/a,6,11,15,,12,25,9
14/8/2019,n/a,16,17,17,n/a,15,19,30,21,17,23,23,23,18,23,14,15,25,17,15,13,n/a,17,11,13,11,13,8,11,11,12,13,9,20,17,13,10,8,11,11,12,6,23,17,18,13,18,22,10,6,10,15,9,n/a,9,10,10,12,n/a,7,10,20,,9,12,11
15/8/2019,n/a,12,14,14,n/a,18,19,30,18,14,22,28,23,14,19,14,13,25,17,13,16,n/a,22,15,13,11,13,10,11,13,11,13,11,20,16,15,11,10,14,16,14,5,14,18,20,13,13,12,8,9,9,19,10,n/a,9,11,10,9,n/a,6,13,18,,16,6,13
16/8/2019,n/a,13,14,14,n/a,15,19,35,20,17,21,27,24,15,21,17,15,24,15,14,15,n/a,23,14,15,14,13,8,11,11,13,12,12,17,13,15,8,8,14,20,6,5,13,22,21,13,9,14,7,10,7,17,8,n/a,7,11,10,9,n/a,4,15,17,,13,5,12
17/8/2019,n/a,6,7,12,n/a,12,13,25,14,9,10,19,18,9,14,10,10,20,14,11,11,n/a,16,8,9,9,10,7,12,6,9,10,8,20,17,15,8,8,11,14,8,7,19,21,13,10,15,23,8,7,9,16,9,n/a,9,7,8,9,n/a,5,10,14,,11,15,10
18/8/2019,10,8,8,n/a,7,11,12,17,14,7,10,18,17,10,15,8,8,22,13,12,8,8,18,11,10,9,10,8,12,7,10,9,6,17,12,13,9,8,11,9,13,7,20,16,14,9,16,19,11,6,11,14,11,n/a,11,8,7,10,n/a,7,7,15,,7,19,6
19/8/2019,11,12,11,n/a,11,18,15,27,16,12,10,19,22,13,17,11,12,22,13,10,13,11,17,11,11,12,13,8,11,8,10,n/a,9,14,9,8,10,6,7,9,15,9,31,17,16,11,16,24,8,4,8,10,8,n/a,6,11,7,10,n/a,5,5,21,,8,30,n/a
20/8/2019,11,10,12,15,12,14,15,31,17,12,11,25,18,13,19,11,12,25,16,12,10,9,21,7,12,11,12,8,13,7,11,11,9,14,10,9,10,6,8,8,20,10,40,13,12,8,22,40,8,3,9,10,7,n/a,6,9,6,8,16,6,6,12,,7,27,n/a
21/8/2019,7,6,10,11,8,14,10,29,14,8,7,20,n/a,11,20,7,8,19,10,11,8,10,10,4,11,8,10,7,10,7,9,10,7,14,9,9,9,7,8,9,16,7,23,14,11,7,n/a,24,8,4,5,10,7,n/a,5,8,5,8,14,4,4,10,,5,14,n/a
22/8/2019,10,10,9,14,11,11,10,31,15,11,9,19,n/a,12,22,14,12,25,11,13,10,9,17,10,12,15,12,8,13,8,12,9,8,12,7,6,9,6,5,10,10,6,11,15,12,10,n/a,18,9,4,6,9,7,n/a,6,10,10,5,15,4,7,14,,7,6,9
23/8/2019,7,9,9,12,13,11,12,29,18,11,11,26,15,12,25,13,14,24,14,18,12,14,17,7,11,9,12,7,13,5,10,n/a,8,13,7,5,9,6,6,11,11,7,14,16,13,9,10,18,7,3,6,9,6,n/a,5,8,8,6,n/a,4,6,12,,6,8,10
24/8/2019,10,12,9,12,10,13,9,38,17,12,9,23,14,11,19,9,11,21,11,8,11,9,19,9,8,11,11,6,13,5,7,9,7,10,5,4,11,5,5,8,10,4,16,15,15,8,10,19,8,3,6,8,5,n/a,3,8,3,8,13,4,6,13,,6,10,7
25/8/2019,7,8,9,10,6,12,8,22,13,9,7,21,12,9,13,6,9,20,9,7,8,7,12,10,8,9,8,5,9,4,7,6,6,12,7,6,9,8,7,8,7,7,12,14,13,8,8,14,14,3,6,9,5,n/a,6,8,5,11,n/a,8,6,9,,5,4,5
26/8/2019,5,9,6,9,5,8,7,23,13,8,6,18,9,9,12,7,7,19,9,6,6,6,11,7,8,8,10,7,9,6,7,11,6,15,10,6,9,7,8,9,12,6,20,14,11,4,8,15,17,3,6,12,6,n/a,7,8,6,15,17,8,6,7,,5,7,4
27/8/2019,8,14,8,11,9,12,9,33,16,11,8,17,14,10,20,6,12,21,12,8,8,7,19,8,7,13,10,4,12,5,7,10,6,16,12,7,10,7,8,7,11,7,19,13,14,n/a,10,15,14,4,8,13,8,n/a,9,7,8,15,14,6,7,15,,5,9,5
28/8/2019,10,11,7,10,9,9,10,30,14,11,7,20,14,10,14,7,11,21,10,9,9,9,21,10,10,10,10,6,11,5,7,9,6,15,8,6,7,7,7,13,8,8,16,19,14,7,15,17,10,4,6,9,5,n/a,6,9,8,9,14,4,7,14,,7,8,8
29/8/2019,8,10,7,11,8,10,10,27,14,10,8,19,14,10,23,8,11,27,15,9,12,8,22,10,8,13,8,6,11,9,7,11,6,16,11,7,8,7,9,8,10,8,20,16,16,8,13,17,9,3,8,15,5,n/a,7,10,8,7,12,8,8,13,,9,9,4
30/8/2019,10,12,9,12,9,12,10,34,15,12,9,25,16,13,28,9,11,23,12,9,10,11,16,8,10,11,8,6,11,8,6,8,5,15,12,8,13,n/a,8,9,7,6,18,14,14,7,15,19,11,6,6,15,7,n/a,10,7,5,8,11,n/a,8,n/a,,7,8,10
31/8/2019,6,5,6,8,7,11,8,24,10,7,5,19,11,8,18,7,9,16,9,13,13,7,17,9,9,5,8,5,11,7,8,6,6,12,7,4,9,4,5,8,9,11,27,12,11,5,18,29,5,4,5,8,4,n/a,6,8,5,7,13,3,6,9,,6,19,5
1/9/2019,7,4,4,11,7,7,9,15,12,7,6,18,15,9,11,6,8,21,10,18,9,8,12,5,8,7,8,6,11,10,8,9,6,11,5,4,11,n/a,5,8,8,7,30,14,10,4,26,38,6,4,6,9,6,n/a,4,8,6,4,15,4,5,9,,6,18,5
2/9/2019,7,12,10,13,9,10,12,29,16,11,10,22,17,12,15,9,12,25,15,9,15,9,27,9,10,13,9,5,10,8,8,12,5,13,7,5,9,n/a,5,10,9,7,26,11,15,6,32,45,4,4,4,9,5,n/a,6,7,5,5,12,n/a,6,12,,6,13,8
3/9/2019,6,13,11,12,9,11,14,38,16,12,10,23,18,9,19,12,13,28,16,9,7,9,16,10,11,13,12,10,11,12,9,11,7,11,7,8,9,n/a,5,9,16,9,43,13,12,4,30,44,6,3,6,10,6,n/a,8,7,6,6,17,6,7,10,,7,19,7
4/9/2019,10,14,13,15,11,11,14,38,18,13,11,20,19,15,23,10,12,24,14,9,8,11,18,7,11,16,13,8,10,11,10,12,6,15,11,7,9,6,10,7,15,10,51,13,13,8,26,45,7,3,9,11,7,n/a,8,7,8,7,17,6,7,11,,6,41,8
5/9/2019,14,12,9,14,10,13,15,34,18,16,11,21,19,14,21,10,12,21,10,9,9,10,21,10,9,14,10,8,11,6,9,9,6,14,9,4,9,7,8,8,16,12,55,14,13,7,25,39,9,3,9,9,6,n/a,7,8,8,10,15,8,6,12,,6,33,7
6/9/2019,14,16,16,18,15,10,19,30,23,18,14,25,23,17,25,13,18,25,13,13,12,11,19,12,12,20,8,7,10,7,11,11,10,14,7,10,8,6,8,9,21,14,42,15,14,9,29,40,7,3,8,8,7,n/a,5,7,8,9,15,7,6,13,,7,34,9
7/9/2019,14,18,16,15,18,15,19,34,22,18,14,24,25,15,27,21,20,30,20,17,14,14,24,14,15,21,16,10,13,13,15,13,11,12,8,n/a,9,7,7,8,21,16,58,15,19,15,34,38,6,4,7,11,7,n/a,5,n/a,9,6,18,7,7,19,,10,52,12
8/9/2019,11,13,10,13,11,13,16,26,18,12,11,23,21,14,26,14,14,30,16,11,13,10,20,13,13,15,12,10,12,9,11,12,8,15,11,n/a,9,6,7,10,17,14,52,16,15,14,22,32,7,5,8,10,8,n/a,5,n/a,9,7,19,7,9,16,,8,39,8
9/9/2019,9,12,12,14,12,13,16,34,18,13,11,18,23,13,21,13,14,27,14,11,15,9,26,12,10,14,15,9,14,17,11,17,9,16,13,9,9,8,10,9,12,11,42,17,17,8,19,28,6,6,9,13,9,n/a,8,10,8,8,17,8,8,13,,8,20,7
10/9/2019,13,13,12,15,14,11,13,33,18,14,11,19,23,12,21,13,16,25,17,11,12,11,24,9,6,11,11,8,13,6,11,8,10,16,10,7,11,9,10,9,12,8,41,19,13,10,27,36,6,5,12,13,12,n/a,8,11,9,10,17,7,7,13,,7,25,8
11/9/2019,9,14,15,16,13,12,18,36,22,16,15,22,22,13,26,16,12,29,17,14,11,10,26,10,10,17,11,5,11,6,8,10,8,15,9,4,7,6,7,9,12,9,47,16,13,12,34,42,6,4,8,10,6,n/a,6,10,7,9,15,7,6,14,,7,41,8
12/9/2019,9,13,13,14,12,13,14,33,20,15,13,26,23,13,23,15,15,30,20,11,16,9,30,12,11,20,18,11,14,11,12,15,12,14,10,7,9,7,8,9,13,11,39,14,12,12,27,37,6,5,8,15,7,n/a,7,7,5,9,16,7,7,11,,6,52,8
13/9/2019,9,8,8,13,10,8,10,26,13,10,8,21,18,8,16,13,11,27,17,10,14,7,31,12,4,10,16,5,13,9,7,13,6,12,7,10,9,6,7,10,14,8,45,14,18,11,43,45,8,4,9,9,7,n/a,7,11,8,8,12,7,7,16,,6,19,4
14/9/2019,6,11,10,14,11,11,14,23,17,11,11,24,18,12,13,9,10,26,17,9,12,8,28,8,5,11,13,4,9,5,6,11,8,14,10,14,10,8,11,15,10,7,21,19,15,7,21,21,8,8,11,15,12,n/a,8,7,7,8,13,8,7,12,,6,6,6
15/9/2019,10,17,13,17,16,13,19,20,19,15,17,30,23,16,18,14,15,34,21,14,15,11,29,11,5,13,13,4,9,9,10,12,13,18,13,16,10,9,15,14,7,9,14,22,14,10,10,13,8,6,15,17,12,n/a,14,7,9,10,10,n/a,11,14,,8,7,8
16/9/2019,11,13,12,16,14,14,18,19,21,15,16,29,21,15,12,11,12,24,19,13,12,14,32,12,7,10,12,7,12,7,10,12,13,19,14,17,11,9,16,14,7,7,18,24,16,11,12,14,9,9,16,20,14,n/a,12,8,14,12,13,10,11,17,,9,6,8
17/9/2019,17,22,19,20,20,20,26,25,26,19,21,36,29,21,17,n/a,17,36,29,16,14,16,21,12,13,15,12,9,12,7,11,13,14,19,16,24,11,11,22,17,9,10,17,27,19,14,14,17,11,9,14,22,14,n/a,16,8,14,12,14,12,12,16,,10,8,11
18/9/2019,16,18,16,19,16,16,20,22,22,17,19,30,26,15,19,n/a,18,38,26,17,18,14,32,16,11,23,17,12,12,12,22,18,17,18,12,17,11,6,16,15,8,11,57,26,22,13,27,52,13,10,11,17,13,n/a,13,8,12,16,18,15,11,15,,14,33,13
19/9/2019,13,18,14,17,17,17,21,22,23,17,18,33,23,16,14,17,18,38,24,15,12,13,29,11,15,30,17,n/a,11,11,15,11,15,16,11,15,11,8,16,10,8,11,66,19,18,8,43,63,12,8,9,14,11,n/a,11,6,18,18,13,16,12,16,,11,49,12
20/9/2019,17,21,14,21,20,19,27,21,29,21,24,50,28,22,21,15,17,35,19,16,16,21,35,13,10,23,13,13,11,10,14,11,10,17,13,16,11,9,15,7,15,11,58,14,14,11,43,54,16,10,12,16,11,n/a,11,7,9,17,11,16,12,14,,8,37,11
21/9/2019,13,11,11,14,13,11,27,21,19,16,18,30,21,17,13,15,11,24,18,11,13,13,26,12,n/a,22,7,8,11,9,15,n/a,8,20,13,16,12,9,17,9,15,8,74,24,15,6,29,49,16,6,15,16,15,n/a,11,5,17,20,11,16,11,9,,8,55,10
22/9/2019,19,18,16,23,19,16,24,29,24,22,20,32,28,19,20,18,20,36,20,15,17,17,27,17,7,21,9,6,11,5,14,n/a,10,19,15,20,12,11,20,14,19,38,66,29,27,6,44,48,13,8,16,18,19,n/a,13,6,23,13,10,14,18,10,,11,69,9
23/9/2019,12,12,12,16,14,16,18,21,18,16,13,28,21,13,n/a,10,11,29,17,8,15,9,28,14,14,13,9,9,11,8,14,n/a,9,22,18,20,12,11,16,21,20,55,53,33,27,5,84,68,17,14,15,20,18,n/a,19,6,23,19,12,18,17,5,,20,54,10
24/9/2019,26,20,22,19,24,18,30,26,26,22,24,30,28,23,26,22,23,39,27,23,25,23,36,25,24,37,20,15,18,18,23,19,14,28,24,26,18,19,24,34,22,41,47,41,34,15,43,60,20,16,25,28,25,n/a,24,22,31,26,16,23,25,21,,27,43,20
25/9/2019,32,35,36,37,33,35,38,46,39,36,39,45,39,33,45,36,34,52,38,32,32,39,43,32,33,54,28,27,21,30,30,30,22,34,29,32,23,23,30,36,21,13,22,36,40,28,21,28,27,20,30,36,33,n/a,31,28,33,28,31,27,30,30,,37,19,36
26/9/2019,27,36,30,31,32,32,36,45,40,40,34,46,42,35,41,39,36,52,36,26,26,32,36,23,35,53,25,28,23,32,32,26,18,34,30,35,24,23,32,34,20,16,19,37,29,22,16,21,28,25,27,37,28,n/a,31,18,31,27,32,29,29,21,,31,14,31
27/9/2019,29,25,27,28,30,26,35,38,33,32,30,41,36,31,40,26,29,41,29,27,30,29,34,25,26,51,24,27,19,31,33,26,19,28,25,33,24,26,32,37,17,14,17,44,35,17,19,22,30,16,19,32,26,n/a,31,16,39,32,20,26,29,21,,32,12,28
28/9/2019,33,38,39,36,38,38,45,48,46,47,41,46,49,44,57,39,36,57,43,38,38,41,51,34,n/a,63,29,27,27,32,33,35,29,31,26,31,25,23,34,32,11,11,14,48,40,n/a,13,21,30,15,26,37,29,n/a,31,25,36,33,36,30,29,26,,39,12,38
29/9/2019,43,41,42,43,41,42,45,54,50,49,46,52,51,46,61,43,41,54,43,44,52,48,60,38,n/a,58,39,36,27,39,41,30,33,35,31,37,28,29,38,45,12,7,11,57,52,36,13,18,32,18,32,38,36,n/a,32,30,41,31,38,26,28,38,,47,7,51
30/9/2019,58,61,61,64,59,59,73,79,69,69,69,83,73,67,67,57,55,69,46,62,66,61,65,44,n/a,57,37,28,24,29,43,36,35,36,33,37,28,26,35,48,18,12,18,61,50,38,14,15,31,16,30,n/a,33,n/a,32,36,37,31,37,27,25,46,,43,9,54
1/10/2019,32,23,26,35,32,31,39,46,34,33,29,46,37,30,45,28,30,37,24,35,42,31,54,35,34,33,24,13,15,13,24,21,15,26,20,33,24,25,30,44,14,9,17,53,46,23,13,15,27,12,31,n/a,28,n/a,28,20,31,32,18,26,17,32,,17,7,26
2/10/2019,20,15,18,21,22,21,23,30,24,20,20,38,27,21,25,17,20,29,21,29,28,21,39,23,20,14,19,11,17,15,21,21,14,16,11,21,16,15,20,29,17,8,19,46,39,20,12,16,22,11,28,n/a,26,n/a,20,16,31,26,20,20,13,26,,11,8,16
3/10/2019,18,16,19,20,22,18,26,30,25,17,22,30,26,21,28,17,18,29,26,24,23,23,41,26,18,12,21,17,17,24,24,26,18,18,12,20,18,14,18,25,16,8,23,42,33,n/a,14,19,15,10,24,n/a,27,n/a,17,12,27,16,25,17,11,23,,10,9,13
4/10/2019,21,22,24,25,24,22,28,29,28,23,25,35,30,27,24,22,23,36,27,24,16,21,38,19,14,20,19,20,14,20,26,21,22,18,13,23,17,15,20,22,16,9,24,34,26,n/a,16,17,14,10,20,n/a,23,n/a,15,13,23,11,25,13,10,19,,7,17,12
5/10/2019,30,22,22,24,23,26,29,33,30,26,27,39,32,26,26,22,23,37,27,23,19,26,38,18,17,30,14,n/a,15,n/a,20,16,18,19,13,16,11,10,16,17,10,10,26,24,23,12,14,15,17,6,14,n/a,13,n/a,15,11,14,15,19,13,9,14,,10,19,16
6/10/2019,25,23,19,21,20,22,28,25,25,28,24,36,33,24,26,21,23,38,22,19,18,21,31,14,17,30,11,13,n/a,14,17,14,9,18,15,20,12,12,16,16,13,13,22,21,22,12,13,12,16,6,13,n/a,16,n/a,17,9,11,15,13,10,16,15,,12,10,18
7/10/2019,21,17,17,18,18,16,21,24,22,19,20,30,27,17,22,16,17,31,20,16,15,15,28,13,26,22,15,14,13,12,21,16,10,17,13,18,11,11,16,16,12,9,18,22,17,9,12,17,12,8,14,n/a,16,n/a,12,9,14,17,16,12,13,10,,18,13,19
8/10/2019,17,16,13,16,17,16,18,25,23,21,20,28,27,16,21,21,18,32,20,16,10,16,29,12,25,31,15,15,14,13,19,17,12,21,17,21,14,11,18,10,11,7,12,31,23,8,11,14,16,11,14,n/a,17,n/a,18,12,15,16,16,17,15,11,,18,8,18
9/10/2019,24,23,18,21,20,19,25,29,26,23,27,35,31,24,25,20,20,39,28,19,15,20,32,17,24,31,17,18,16,19,23,23,16,20,18,23,14,13,19,11,15,7,10,21,23,13,7,11,21,10,15,n/a,15,n/a,19,12,13,20,20,16,14,15,,15,5,17
10/10/2019,31,35,28,31,29,29,33,39,36,34,32,45,44,30,40,31,28,49,41,21,17,26,29,18,31,38,24,n/a,21,n/a,n/a,31,25,24,20,20,14,11,16,12,15,5,16,18,24,18,9,n/a,21,9,12,n/a,12,n/a,16,12,11,21,28,8,11,21,,17,5,23
11/10/2019,30,27,23,26,27,27,32,38,33,32,27,44,33,29,42,21,26,37,32,28,24,25,33,20,20,22,21,23,17,24,24,30,21,14,9,15,14,10,15,15,16,6,16,21,23,21,7,n/a,15,6,9,n/a,11,n/a,14,14,12,17,28,7,8,27,,13,6,21
12/10/2019,25,22,23,26,24,18,28,33,28,25,24,34,30,26,33,18,20,n/a,23,28,28,23,n/a,23,21,20,20,17,14,15,24,20,14,15,12,18,9,10,16,19,21,5,19,22,24,15,9,12,14,8,8,n/a,12,n/a,16,12,12,13,19,7,9,18,,15,6,18
13/10/2019,21,21,16,21,21,19,21,25,24,24,19,34,30,22,29,17,19,33,23,23,23,20,28,16,23,12,17,19,11,17,21,15,17,16,12,17,8,9,11,17,17,6,14,22,20,12,8,11,11,6,9,n/a,11,n/a,14,11,11,13,18,9,12,14,,28,7,26
14/10/2019,16,15,15,17,13,13,17,23,18,16,15,26,24,15,16,14,12,29,19,14,15,13,30,13,n/a,12,15,12,13,10,18,19,13,14,11,18,11,9,14,15,13,7,12,23,19,8,9,11,8,6,7,n/a,13,n/a,9,13,12,11,13,7,11,11,,12,7,10
15/10/2019,19,21,18,22,19,18,22,27,22,20,20,32,27,19,23,18,17,35,28,17,18,20,32,18,n/a,23,20,18,15,16,21,21,15,16,11,19,9,9,13,19,15,7,13,18,21,11,8,8,11,9,9,n/a,12,n/a,10,13,11,15,21,10,17,15,,18,7,19
16/10/2019,19,22,18,19,19,15,21,23,19,19,19,25,29,19,26,19,19,35,25,15,15,19,22,12,n/a,30,14,16,16,16,12,13,13,15,11,17,8,8,n/a,13,13,8,17,17,15,11,12,13,12,9,9,n/a,9,n/a,8,12,10,16,20,10,9,13,,16,11,18
17/10/2019,19,19,16,17,19,17,19,23,21,19,20,28,30,18,25,21,19,37,25,14,13,19,25,12,n/a,28,15,14,14,15,14,16,13,16,13,18,11,9,n/a,15,11,8,9,18,17,9,9,13,13,6,8,n/a,12,n/a,12,14,14,11,14,10,10,14,,18,6,18
18/10/2019,20,19,17,19,19,20,23,27,21,20,20,28,25,19,37,17,17,42,26,20,18,24,27,16,n/a,37,17,14,18,12,20,21,14,16,11,17,11,9,16,18,10,7,10,26,23,12,8,13,15,6,11,n/a,13,n/a,15,14,18,12,15,n/a,13,17,,21,6,19
19/10/2019,20,21,19,22,22,20,23,23,24,21,22,28,29,22,33,17,21,50,31,25,18,29,27,17,n/a,33,20,16,15,17,21,23,18,19,15,20,11,11,n/a,26,7,5,8,28,22,16,8,13,13,9,12,n/a,15,n/a,16,14,19,15,17,12,17,23,,23,5,28
20/10/2019,22,23,22,23,23,22,24,26,23,22,21,29,30,23,29,19,20,50,30,24,22,25,27,19,n/a,36,17,18,15,19,21,19,15,22,19,25,10,14,19,23,6,6,8,24,21,17,11,13,15,12,14,n/a,18,n/a,16,14,20,19,17,12,20,19,,23,5,28
21/10/2019,26,28,25,24,26,25,27,36,30,29,26,32,36,30,44,26,27,65,32,26,26,33,35,20,n/a,50,24,18,16,20,25,23,19,23,22,27,12,13,19,27,7,5,9,26,29,19,9,14,16,13,16,n/a,20,n/a,16,16,18,20,23,13,21,30,,25,6,33
22/10/2019,47,52,47,46,45,43,51,58,54,55,50,58,67,45,55,55,49,87,41,40,31,44,43,24,n/a,42,31,30,23,35,40,35,21,25,24,23,13,15,19,28,12,6,9,31,28,21,11,15,19,12,19,n/a,18,n/a,20,13,21,21,36,12,19,21,,25,5,36
23/10/2019,30,23,24,25,25,26,30,43,27,28,24,38,33,28,44,22,23,44,25,33,43,30,53,30,n/a,22,27,26,19,32,25,28,19,23,18,25,14,15,22,28,12,7,16,28,25,26,9,12,12,13,18,n/a,24,n/a,17,18,19,14,34,14,21,38,,25,5,28
24/10/2019,22,20,20,23,21,20,22,34,24,21,20,33,28,20,n/a,14,16,39,22,25,35,20,55,24,n/a,12,22,16,13,19,27,26,15,23,20,25,14,16,23,33,11,5,21,29,24,21,9,10,15,11,18,24,24,n/a,17,18,17,16,24,12,21,33,,25,5,19
25/10/2019,26,27,22,23,27,21,26,36,26,24,22,35,36,23,34,22,22,52,31,26,22,25,47,19,30,19,22,25,15,26,22,33,22,25,21,23,11,13,19,29,10,7,16,26,25,24,8,13,21,10,12,28,20,n/a,18,18,19,21,26,13,24,26,,31,7,24
26/10/2019,27,27,26,24,26,26,26,35,28,26,27,n/a,33,25,34,23,22,51,30,23,24,28,40,20,26,34,27,28,18,29,29,33,22,26,21,24,12,12,21,13,14,9,16,21,22,22,12,13,18,10,11,31,20,n/a,18,18,12,22,28,12,23,23,,21,9,25
27/10/2019,19,20,17,18,19,15,19,23,19,17,16,n/a,23,17,30,17,15,40,24,19,18,18,29,16,28,25,n/a,22,19,22,18,23,15,19,17,19,9,8,16,13,17,9,13,19,19,16,14,14,15,12,9,20,12,n/a,15,14,13,19,23,10,15,18,,19,7,27
28/10/2019,21,21,18,20,17,15,20,28,23,21,19,30,28,18,27,19,17,46,25,19,21,18,35,18,28,27,n/a,23,17,23,20,21,18,20,18,18,11,8,15,20,15,8,11,24,21,19,12,14,15,11,8,23,13,n/a,14,11,11,17,n/a,9,13,15,,21,7,20
29/10/2019,22,22,21,20,21,18,23,32,24,23,21,35,30,18,29,22,19,51,26,19,19,16,39,17,25,29,16,17,14,21,22,19,13,18,15,19,7,8,15,17,13,9,11,20,17,13,12,14,13,11,8,20,15,n/a,19,10,13,12,14,10,17,16,,24,7,22
30/10/2019,21,20,20,20,20,20,20,30,22,20,20,29,28,18,28,19,17,38,24,17,18,21,27,13,25,34,16,15,14,13,17,19,17,14,10,18,8,10,13,12,14,9,16,22,20,11,12,16,8,10,10,14,11,n/a,8,14,12,9,15,9,15,17,,24,9,22
31/10/2019,24,24,23,24,21,19,24,26,27,25,27,30,30,22,34,24,20,37,26,22,21,27,30,16,35,38,18,18,16,15,24,24,18,16,12,16,11,9,15,16,16,9,20,26,28,16,13,n/a,10,7,11,19,14,n/a,13,20,15,10,17,11,17,21,,23,9,30
1/11/2019,15,15,14,13,12,13,17,15,17,13,17,23,22,12,17,13,12,27,19,12,14,13,20,9,25,21,13,11,14,n/a,18,19,13,17,n/a,18,12,9,19,21,23,12,16,21,19,11,10,n/a,11,9,15,22,16,n/a,14,11,14,14,12,11,14,11,,21,8,16
2/11/2019,19,21,18,19,18,18,21,23,25,24,23,34,32,20,20,17,17,33,25,n/a,13,16,29,13,21,29,15,14,16,n/a,26,21,16,17,13,19,9,10,18,10,10,5,16,16,18,13,11,n/a,10,9,10,17,18,n/a,14,13,9,12,21,9,11,16,,11,6,15
3/11/2019,26,31,22,26,22,21,25,31,30,28,24,42,39,21,23,23,22,42,30,n/a,16,19,36,n/a,24,29,20,27,17,27,29,24,19,17,15,21,10,9,16,10,11,5,12,17,18,18,9,n/a,11,11,6,17,11,n/a,13,14,10,12,26,7,12,17,,16,4,15
4/11/2019,24,29,27,29,26,22,31,33,32,31,33,41,36,27,30,24,24,44,34,28,30,25,52,n/a,24,34,22,28,16,27,27,29,21,18,18,21,11,13,18,14,11,8,10,38,40,20,9,n/a,14,9,11,18,16,n/a,16,24,18,14,32,9,14,27,,20,5,21
5/11/2019,40,44,41,42,39,39,41,55,45,48,44,58,54,41,54,43,41,59,45,45,43,45,48,19,44,60,33,30,28,35,39,39,35,24,23,25,15,15,23,26,9,7,14,31,31,30,11,11,18,12,17,25,25,n/a,18,30,21,26,44,10,21,32,,36,9,42
6/11/2019,37,43,36,37,43,35,37,64,44,48,35,49,56,36,67,42,42,56,45,40,40,39,48,19,48,54,39,42,30,48,42,40,36,27,24,27,12,18,26,32,9,11,15,42,41,32,8,14,14,14,20,27,25,n/a,20,30,22,17,49,11,23,32,,34,9,47
7/11/2019,37,42,40,41,40,37,41,57,41,43,42,53,54,36,56,39,39,54,46,39,41,42,59,22,47,55,39,37,31,38,41,45,33,24,21,31,15,n/a,26,31,10,6,16,43,44,30,6,11,10,13,18,27,23,n/a,15,29,26,15,45,15,30,30,,34,9,42
8/11/2019,37,40,40,41,40,38,37,38,40,38,37,45,48,36,48,36,39,52,44,44,41,41,55,23,52,42,36,35,28,35,42,40,37,24,20,30,13,17,28,35,9,8,15,51,49,34,7,10,14,13,27,21,29,n/a,22,34,44,18,36,20,29,50,,43,6,43
9/11/2019,36,40,39,41,40,37,40,43,42,40,38,48,49,36,47,40,38,53,44,39,39,43,52,22,58,52,37,34,34,33,38,39,37,31,26,39,18,30,36,36,9,10,14,44,39,35,8,12,21,15,34,31,39,n/a,36,34,41,26,n/a,28,35,39,,46,7,51
10/11/2019,37,42,41,40,39,38,41,43,44,42,44,46,51,39,46,40,39,52,45,39,41,45,51,22,51,52,38,34,31,30,39,42,34,40,37,38,16,27,38,37,17,13,17,47,46,37,8,10,24,20,26,38,35,n/a,33,33,37,28,35,22,38,39,,45,8,48
11/11/2019,41,51,53,46,48,43,48,53,54,51,53,57,61,46,53,49,47,67,55,48,49,55,61,22,45,61,41,39,39,37,39,43,38,39,39,34,13,18,30,38,35,25,30,43,41,41,17,20,21,19,24,38,31,n/a,27,32,28,28,38,20,31,39,,44,12,49
12/11/2019,41,47,48,47,47,41,49,72,48,49,46,56,55,46,66,43,47,59,50,59,47,50,64,25,42,n/a,40,37,33,38,38,39,37,35,36,29,11,16,26,40,40,28,35,37,40,34,n/a,24,23,16,22,37,26,n/a,24,34,25,28,43,19,27,32,,40,23,48
13/11/2019,34,35,34,34,36,33,36,38,37,36,35,46,44,30,53,35,34,45,35,33,27,33,49,22,55,n/a,29,n/a,25,30,33,35,27,30,27,26,11,16,28,31,37,25,30,21,28,21,18,24,21,16,20,31,25,n/a,24,19,17,23,31,15,25,22,,47,22,42
14/11/2019,25,23,20,22,21,20,25,25,24,21,26,32,29,20,29,22,18,35,24,19,14,21,21,24,n/a,41,18,18,16,n/a,19,16,13,21,18,18,7,9,13,19,30,22,24,18,18,13,19,20,18,12,11,19,14,n/a,17,15,8,17,20,9,13,14,,15,21,19
15/11/2019,27,25,23,24,25,23,25,34,29,31,23,32,31,30,35,23,21,39,26,24,20,29,35,24,n/a,40,23,25,23,24,28,25,21,18,15,16,9,9,14,17,20,12,19,22,27,17,14,18,17,9,12,19,13,n/a,17,20,9,19,29,7,14,22,,22,13,22
16/11/2019,36,34,31,33,35,29,33,50,37,43,31,46,47,34,57,33,34,45,36,37,37,34,58,24,36,48,29,27,23,29,32,35,23,22,19,20,8,10,13,28,18,15,15,32,37,26,15,18,13,9,13,23,16,n/a,14,23,16,19,33,8,15,n/a,,30,15,40
17/11/2019,n/a,34,36,36,32,31,38,41,37,35,36,49,43,37,51,30,28,42,39,39,44,37,57,n/a,35,29,n/a,27,23,32,30,43,26,22,18,21,10,11,15,31,22,14,17,37,31,33,16,16,11,9,15,23,19,n/a,15,23,17,13,31,11,19,n/a,,31,12,33
18/11/2019,n/a,37,34,34,29,31,38,40,36,34,34,45,38,33,43,24,26,38,34,37,40,32,61,19,37,24,n/a,28,25,31,29,41,21,20,13,21,10,11,19,35,20,12,16,35,31,33,13,16,13,10,15,25,23,n/a,18,24,17,15,30,13,22,n/a,,30,13,31
19/11/2019,31,30,29,32,33,27,31,35,33,29,30,43,39,29,47,26,29,42,31,36,33,37,47,n/a,50,35,n/a,30,24,36,27,33,28,24,19,24,9,12,21,30,18,10,17,21,23,28,14,16,18,12,17,30,24,n/a,21,20,18,26,34,15,22,26,,32,11,40
20/11/2019,19,22,20,21,21,21,22,24,22,18,19,27,31,17,26,18,20,36,26,22,21,19,29,16,45,27,23,22,21,22,n/a,22,16,26,22,23,9,12,18,22,10,8,13,21,23,18,16,15,20,16,17,29,20,n/a,19,19,16,26,26,14,21,19,,27,7,32
21/11/2019,24,24,25,24,25,20,24,23,25,22,24,32,35,20,32,24,21,39,27,26,27,24,37,23,49,41,26,22,23,23,n/a,30,23,25,22,23,10,11,19,26,13,9,14,27,27,22,15,17,17,16,20,28,22,n/a,19,23,18,29,23,13,19,25,,30,12,39
22/11/2019,26,26,26,24,24,18,26,32,27,27,25,38,36,23,40,25,27,40,26,25,26,26,41,21,47,50,29,25,22,21,22,26,25,28,22,27,11,15,24,28,15,11,14,29,27,20,12,13,18,13,20,31,24,n/a,20,20,20,29,31,13,23,26,,27,11,41
23/11/2019,30,33,n/a,29,27,23,31,44,31,35,30,37,39,30,57,35,29,47,29,32,37,36,50,26,37,56,28,33,22,26,27,36,25,34,29,27,12,15,26,32,15,12,11,33,36,22,11,16,27,17,20,33,27,n/a,22,23,21,32,n/a,12,27,26,,26,9,44
24/11/2019,29,29,n/a,25,27,25,28,37,34,31,27,37,38,28,n/a,27,25,44,27,29,40,30,47,n/a,41,53,30,26,25,26,27,33,22,32,26,32,13,17,27,29,15,11,16,37,30,26,12,16,27,17,19,33,33,n/a,26,21,22,34,n/a,15,26,25,,34,13,46
25/11/2019,29,29,n/a,31,27,30,31,40,33,35,35,41,36,35,n/a,30,26,43,25,32,38,42,43,n/a,39,57,29,28,26,24,21,29,21,30,26,30,14,20,28,31,16,10,11,26,25,22,8,12,26,17,22,34,23,n/a,25,18,20,35,31,17,32,22,,33,9,41
26/11/2019,22,22,n/a,24,22,21,24,24,27,25,27,32,29,25,33,19,21,34,23,25,20,26,34,n/a,41,48,17,21,17,18,20,19,16,27,24,28,13,14,25,26,8,8,8,32,26,19,7,11,29,18,20,37,31,n/a,24,16,20,37,n/a,18,25,24,,31,7,34
27/11/2019,26,21,19,22,22,22,28,31,25,26,29,34,29,25,33,22,21,35,20,22,19,29,27,21,39,47,18,21,15,19,21,23,18,28,21,28,13,15,25,28,9,8,11,21,20,20,9,12,26,16,17,37,27,n/a,28,13,20,33,n/a,15,25,15,,29,8,n/a
28/11/2019,18,13,14,18,16,15,18,22,18,17,16,26,20,17,26,14,14,31,18,18,14,20,19,14,34,32,16,16,14,18,19,19,16,26,19,24,13,14,19,25,9,8,12,21,17,11,14,14,22,14,16,31,19,n/a,25,11,17,n/a,n/a,14,19,10,,22,8,27
29/11/2019,19,17,15,19,18,18,20,21,21,19,21,24,n/a,20,27,18,15,32,26,22,21,23,28,n/a,33,30,14,13,16,14,19,19,16,28,20,24,11,15,19,23,10,10,14,26,23,14,12,13,23,15,19,31,22,n/a,25,15,20,n/a,15,13,21,17,,21,10,22
30/11/2019,20,21,16,20,19,18,21,26,22,21,22,28,28,20,30,21,18,34,25,24,16,24,27,n/a,35,43,16,18,14,22,23,18,16,30,22,28,16,15,24,30,9,9,12,19,17,18,8,10,26,16,19,32,27,n/a,26,18,21,n/a,19,12,28,13,,24,8,32
1/12/2019,20,21,16,19,23,18,20,29,22,24,22,28,30,23,31,23,20,37,26,22,26,27,30,n/a,43,42,18,20,16,22,19,21,19,28,22,28,14,13,22,30,11,10,12,22,18,19,5,9,29,17,18,35,28,n/a,26,17,17,43,17,12,n/a,17,3,28,8,32
2/12/2019,19,17,14,17,18,13,19,28,17,17,15,21,25,16,29,14,15,31,21,20,18,20,25,n/a,38,37,19,19,19,14,19,21,19,29,24,28,11,13,21,26,11,8,13,19,18,13,12,12,29,16,20,35,25,n/a,34,14,21,44,18,16,n/a,14,4,28,10,34
3/12/2019,22,23,19,23,23,19,23,24,27,24,25,26,32,n/a,27,21,20,32,22,22,20,23,23,17,29,28,19,18,16,17,23,21,15,30,24,24,10,11,19,21,15,9,14,25,25,14,17,17,32,19,21,33,23,n/a,33,18,19,41,19,16,n/a,20,4,21,11,23
4/12/2019,29,29,21,27,27,29,29,32,32,29,30,31,38,n/a,39,27,26,42,27,30,27,33,35,29,47,56,27,24,19,23,24,29,27,34,26,27,14,14,22,30,14,9,18,38,34,23,20,24,27,20,25,35,39,n/a,37,24,30,23,22,15,28,30,11,33,16,34
5/12/2019,31,31,24,30,30,28,31,30,33,32,32,33,39,32,48,30,27,45,30,31,30,36,36,27,63,48,27,26,23,28,36,33,33,30,22,30,17,22,26,36,16,13,19,43,40,28,23,22,24,20,27,35,34,n/a,37,26,33,22,29,18,29,32,12,40,15,39
6/12/2019,35,32,30,35,34,33,34,40,37,37,37,40,43,34,50,31,29,44,29,34,35,40,41,36,59,56,26,25,24,25,36,34,33,28,22,29,19,23,27,33,19,18,20,40,39,27,16,20,24,23,29,35,32,n/a,33,25,33,22,25,23,30,38,13,44,17,39
7/12/2019,32,30,26,30,30,27,31,30,32,33,35,37,38,32,50,30,27,43,30,32,31,39,35,32,49,60,30,27,18,27,33,38,31,29,23,29,19,25,28,38,22,17,16,41,37,27,15,22,27,28,29,37,39,n/a,39,25,31,24,25,21,29,33,13,42,13,33
8/12/2019,41,38,33,43,40,37,42,46,45,45,45,52,50,40,51,37,36,50,29,37,36,n/a,34,36,50,57,32,43,25,41,34,35,34,32,24,32,21,29,32,36,22,18,19,39,38,30,19,20,24,28,25,44,38,n/a,43,29,35,23,37,23,35,38,n/a,43,15,42
9/12/2019,42,38,30,41,38,36,44,48,46,48,45,49,51,45,56,35,31,52,29,45,36,n/a,40,37,60,69,27,28,25,28,35,30,30,32,28,36,21,30,33,41,23,21,19,51,42,26,22,27,23,31,28,48,51,n/a,42,25,41,26,27,27,37,34,n/a,45,17,47
10/12/2019,48,48,37,40,44,44,45,56,53,55,47,52,65,49,63,52,43,66,31,46,46,58,55,46,59,81,28,33,28,32,37,40,32,36,30,35,22,26,37,47,22,16,20,65,62,32,16,20,27,26,31,45,43,n/a,45,34,45,34,37,27,35,42,11,47,12,55
11/12/2019,68,50,39,54,48,51,56,76,52,73,60,59,66,66,70,55,46,65,34,58,66,74,65,57,68,92,45,40,36,36,41,48,42,39,35,50,22,34,48,68,17,15,20,64,73,35,21,23,32,31,33,57,55,n/a,47,42,43,39,40,26,n/a,43,11,62,16,72
12/12/2019,47,52,33,50,46,47,51,56,46,48,48,58,61,45,70,52,41,62,34,53,64,58,68,53,75,94,48,44,37,39,46,50,46,44,41,55,21,32,44,70,19,16,21,63,69,34,22,25,37,38,35,62,62,n/a,50,41,48,40,48,31,88,47,10,69,16,72
13/12/2019,51,49,33,44,45,43,47,58,46,54,46,52,58,50,69,49,37,59,31,48,47,60,59,52,69,96,44,42,42,36,40,40,38,45,41,53,34,36,50,65,18,18,17,51,69,33,17,18,32,38,38,64,53,n/a,53,32,39,42,41,30,73,46,11,66,13,71
14/12/2019,44,41,34,42,38,37,44,46,44,46,43,54,51,42,58,40,34,54,29,41,44,51,47,42,62,70,31,35,28,31,33,32,37,43,38,44,32,31,42,59,19,16,18,36,50,31,15,20,32,38,31,59,45,n/a,50,26,33,54,34,30,59,36,14,54,15,56
15/12/2019,47,40,34,45,39,39,43,47,46,50,44,52,52,45,57,41,35,55,32,n/a,43,49,54,40,50,61,29,37,28,32,36,29,31,41,36,37,36,31,37,50,17,12,15,44,49,28,14,14,36,30,29,54,45,n/a,46,24,26,43,36,27,50,31,8,47,9,53
16/12/2019,40,35,30,38,35,38,41,44,40,40,39,48,46,38,47,36,32,48,27,36,53,44,62,48,58,55,28,27,26,24,35,24,26,37,41,43,39,35,42,47,16,15,13,39,39,25,15,14,32,26,28,54,49,n/a,44,24,25,41,28,23,51,30,7,50,10,55
17/12/2019,36,33,28,34,31,34,36,39,39,37,41,47,42,36,47,38,28,49,26,37,46,47,58,42,64,74,33,28,36,29,39,32,28,38,37,42,38,29,41,46,16,15,11,40,42,26,11,14,33,25,25,53,44,n/a,52,26,26,39,37,23,39,37,5,46,8,62
18/12/2019,35,36,28,36,38,33,36,43,37,35,33,46,49,33,47,37,32,51,28,32,41,34,60,38,53,54,40,36,30,28,44,49,37,32,33,43,39,24,38,45,17,11,12,40,40,26,14,11,32,19,26,56,39,n/a,53,27,26,32,38,20,36,33,4,48,8,46
19/12/2019,42,40,29,37,38,32,41,45,40,42,38,47,58,37,50,35,34,61,29,42,48,38,74,43,50,34,32,25,22,25,37,41,38,30,28,37,38,27,39,45,10,9,13,33,39,35,10,12,33,16,25,53,37,n/a,53,26,26,32,27,19,38,29,5,51,8,37
20/12/2019,42,38,29,36,34,34,42,45,40,42,37,50,49,39,51,33,30,53,28,41,41,39,64,42,56,24,32,26,27,28,45,46,42,37,37,45,42,33,43,41,10,6,11,34,33,29,14,13,33,19,27,56,41,n/a,47,27,25,34,30,23,40,31,5,50,8,40
21/12/2019,38,37,28,34,36,30,37,44,39,38,35,49,53,36,50,28,31,55,27,40,45,42,65,45,51,25,34,26,28,25,46,42,33,33,29,42,43,32,42,38,15,9,13,34,42,34,14,18,26,21,26,51,35,n/a,44,29,26,42,30,22,46,36,5,48,10,42
22/12/2019,32,32,25,30,29,29,31,34,32,31,30,48,45,29,41,26,27,42,26,36,49,31,71,53,52,23,41,29,22,24,34,48,28,28,27,38,39,28,35,45,19,14,17,48,48,45,17,19,17,17,32,41,40,n/a,31,34,32,23,32,23,42,36,11,46,15,35
23/12/2019,30,27,25,28,27,25,30,35,31,28,27,37,37,28,40,24,22,36,22,36,43,30,76,44,45,24,31,24,20,27,32,38,25,26,23,39,37,29,36,47,23,16,19,50,52,31,18,21,18,14,37,46,45,n/a,32,35,38,21,27,28,40,52,10,47,13,36
24/12/2019,30,28,25,28,27,27,32,38,34,29,30,45,39,29,37,24,22,34,23,35,47,36,87,55,47,22,29,20,25,26,29,38,30,31,31,45,44,38,46,55,21,18,18,60,47,33,18,20,23,19,39,50,54,n/a,37,32,40,23,26,29,46,49,12,59,14,29
25/12/2019,30,27,25,33,30,31,33,36,35,30,32,46,39,30,40,22,27,35,22,35,39,32,67,52,44,23,32,24,27,29,29,51,27,40,42,67,56,51,62,66,20,15,19,53,56,34,19,21,32,26,46,60,69,n/a,56,38,44,34,30,39,57,54,15,54,18,35
26/12/2019,30,25,22,30,26,26,31,42,30,29,28,41,36,30,44,21,24,34,20,35,47,35,56,53,47,28,27,24,24,30,31,39,27,36,37,64,49,44,68,74,20,16,19,71,61,36,16,17,35,28,61,58,80,n/a,63,36,50,32,29,49,49,53,15,50,18,40
27/12/2019,36,36,29,38,34,33,35,45,37,35,37,49,45,34,46,32,30,46,29,40,59,43,63,55,57,26,30,25,30,27,39,36,34,52,52,78,64,49,77,62,23,14,22,32,44,35,19,22,39,24,53,69,75,n/a,56,43,43,37,30,43,53,48,15,67,12,41
28/12/2019,36,37,30,35,33,33,37,38,36,35,33,40,47,33,36,31,30,47,30,37,44,41,38,46,53,28,38,35,38,36,39,44,35,70,70,78,48,41,63,33,22,15,15,28,32,34,17,20,48,27,30,80,61,n/a,51,33,25,50,37,27,67,38,15,58,11,37
29/12/2019,41,40,32,39,37,36,41,40,43,43,39,44,55,38,44,40,35,58,35,37,42,41,36,41,61,44,41,n/a,43,37,46,49,40,49,45,59,45,40,54,46,23,20,16,37,35,36,14,17,19,22,24,56,44,n/a,35,39,26,23,40,20,51,32,11,52,12,37
30/12/2019,37,39,32,37,38,35,38,39,39,40,37,42,52,37,46,34,32,53,33,41,48,44,30,44,59,47,45,n/a,35,43,39,46,41,34,28,26,n/a,n/a,30,50,19,11,12,36,34,36,14,16,16,27,24,30,22,n/a,21,42,29,18,45,20,44,34,11,51,9,54
31/12/2019,41,33,32,40,29,36,41,39,36,40,43,45,48,40,43,36,28,55,26,35,34,48,26,35,59,43,33,35,30,33,36,35,36,34,27,24,22,19,24,43,16,10,11,31,21,31,14,15,19,29,24,30,24,n/a,24,26,25,21,38,17,41,26,10,48,7,44
