Date,PM2.5
2011-01-01,
2011-01-02,
2011-01-03,
2011-01-04,
2011-01-05,
2011-01-06,
2011-01-07,
2011-01-08,
2011-01-09,
2011-01-10,
2011-01-11,
2011-01-12,
2011-01-13,
2011-01-14,
2011-01-15,
2011-01-16,
2011-01-17,
2011-01-18,
2011-01-19,
2011-01-20,
2011-01-21,
2011-01-22,
2011-01-23,
2011-01-24,
2011-01-25,
2011-01-26,
2011-01-27,
2011-01-28,
2011-01-29,
2011-01-30,
2011-01-31,
2011-02-01,
2011-02-02,
2011-02-03,
2011-02-04,
2011-02-05,
2011-02-06,
2011-02-07,
2011-02-08,
2011-02-09,
2011-02-10,
2011-02-11,
2011-02-12,
2011-02-13,
2011-02-14,
2011-02-15,
2011-02-16,
2011-02-17,
2011-02-18,
2011-02-19,
2011-02-20,
2011-02-21,
2011-02-22,
2011-02-23,
2011-02-24,
2011-02-25,
2011-02-26,
2011-02-27,
2011-02-28,
2011-03-01,
2011-03-02,
2011-03-03,
2011-03-04,
2011-03-05,
2011-03-06,
2011-03-07,
2011-03-08,
2011-03-09,
2011-03-10,
2011-03-11,
2011-03-12,
2011-03-13,
2011-03-14,
2011-03-15,
2011-03-16,
2011-03-17,
2011-03-18,
2011-03-19,
2011-03-20,
2011-03-21,
2011-03-22,
2011-03-23,
2011-03-24,
2011-03-25,
2011-03-26,
2011-03-27,
2011-03-28,
2011-03-29,
2011-03-30,
2011-03-31,
2011-04-01,
2011-04-02,
2011-04-03,
2011-04-04,
2011-04-05,
2011-04-06,
2011-04-07,
2011-04-08,
2011-04-09,
2011-04-10,
2011-04-11,
2011-04-12,
2011-04-13,
2011-04-14,
2011-04-15,
2011-04-16,
2011-04-17,
2011-04-18,
2011-04-19,
2011-04-20,
2011-04-21,
2011-04-22,
2011-04-23,
2011-04-24,
2011-04-25,
2011-04-26,
2011-04-27,
2011-04-28,
2011-04-29,
2011-04-30,
2011-05-01,
2011-05-02,
2011-05-03,
2011-05-04,
2011-05-05,
2011-05-06,
2011-05-07,
2011-05-08,
2011-05-09,
2011-05-10,
2011-05-11,
2011-05-12,
2011-05-13,
2011-05-14,
2011-05-15,
2011-05-16,
2011-05-17,
2011-05-18,
2011-05-19,
2011-05-20,
2011-05-21,
2011-05-22,
2011-05-23,
2011-05-24,
2011-05-25,
2011-05-26,
2011-05-27,
2011-05-28,
2011-05-29,
2011-05-30,
2011-05-31,
2011-06-01,
2011-06-02,
2011-06-03,
2011-06-04,
2011-06-05,
2011-06-06,
2011-06-07,
2011-06-08,
2011-06-09,
2011-06-10,
2011-06-11,
2011-06-12,
2011-06-13,
2011-06-14,
2011-06-15,
2011-06-16,
2011-06-17,
2011-06-18,
2011-06-19,
2011-06-20,
2011-06-21,
2011-06-22,
2011-06-23,
2011-06-24,
2011-06-25,
2011-06-26,
2011-06-27,
2011-06-28,
2011-06-29,
2011-06-30,
2011-07-01,
2011-07-02,
2011-07-03,
2011-07-04,
2011-07-05,
2011-07-06,
2011-07-07,
2011-07-08,
2011-07-09,
2011-07-10,
2011-07-11,
2011-07-12,
2011-07-13,
2011-07-14,
2011-07-15,
2011-07-16,
2011-07-17,
2011-07-18,
2011-07-19,
2011-07-20,
2011-07-21,
2011-07-22,
2011-07-23,
2011-07-24,
2011-07-25,
2011-07-26,
2011-07-27,
2011-07-28,
2011-07-29,
2011-07-30,
2011-07-31,
2011-08-01,
2011-08-02,
2011-08-03,
2011-08-04,
2011-08-05,
2011-08-06,
2011-08-07,
2011-08-08,
2011-08-09,
2011-08-10,
2011-08-11,
2011-08-12,
2011-08-13,
2011-08-14,
2011-08-15,
2011-08-16,
2011-08-17,
2011-08-18,
2011-08-19,
2011-08-20,
2011-08-21,
2011-08-22,
2011-08-23,
2011-08-24,
2011-08-25,
2011-08-26,
2011-08-27,
2011-08-28,
2011-08-29,
2011-08-30,
2011-08-31,
2011-09-01,
2011-09-02,
2011-09-03,
2011-09-04,
2011-09-05,
2011-09-06,
2011-09-07,
2011-09-08,
2011-09-09,
2011-09-10,
2011-09-11,
2011-09-12,
2011-09-13,
2011-09-14,
2011-09-15,
2011-09-16,
2011-09-17,
2011-09-18,
2011-09-19,
2011-09-20,
2011-09-21,
2011-09-22,
2011-09-23,
2011-09-24,
2011-09-25,
2011-09-26,
2011-09-27,
2011-09-28,
2011-09-29,
2011-09-30,
2011-10-01,
2011-10-02,
2011-10-03,
2011-10-04,
2011-10-05,
2011-10-06,
2011-10-07,
2011-10-08,
2011-10-09,
2011-10-10,
2011-10-11,
2011-10-12,
2011-10-13,
2011-10-14,
2011-10-15,
2011-10-16,
2011-10-17,
2011-10-18,
2011-10-19,
2011-10-20,
2011-10-21,
2011-10-22,
2011-10-23,
2011-10-24,
2011-10-25,
2011-10-26,
2011-10-27,
2011-10-28,
2011-10-29,
2011-10-30,
2011-10-31,
2011-11-01,
2011-11-02,
2011-11-03,
2011-11-04,
2011-11-05,
2011-11-06,
2011-11-07,
2011-11-08,
2011-11-09,
2011-11-10,
2011-11-11,
2011-11-12,
2011-11-13,
2011-11-14,
2011-11-15,
2011-11-16,
2011-11-17,
2011-11-18,
2011-11-19,
2011-11-20,
2011-11-21,
2011-11-22,
2011-11-23,
2011-11-24,
2011-11-25,
2011-11-26,
2011-11-27,
2011-11-28,
2011-11-29,
2011-11-30,
2011-12-01,
2011-12-02,
2011-12-03,
2011-12-04,
2011-12-05,
2011-12-06,
2011-12-07,
2011-12-08,
2011-12-09,
2011-12-10,
2011-12-11,
2011-12-12,
2011-12-13,
2011-12-14,
2011-12-15,
2011-12-16,
2011-12-17,
2011-12-18,
2011-12-19,
2011-12-20,
2011-12-21,
2011-12-22,
2011-12-23,
2011-12-24,
2011-12-25,
2011-12-26,
2011-12-27,
2011-12-28,
2011-12-29,
2011-12-30,
2011-12-31,
2012-01-01,
2012-01-02,
2012-01-03,
2012-01-04,
2012-01-05,
2012-01-06,
2012-01-07,
2012-01-08,
2012-01-09,
2012-01-10,
2012-01-11,
2012-01-12,
2012-01-13,
2012-01-14,
2012-01-15,
2012-01-16,
2012-01-17,
2012-01-18,
2012-01-19,
2012-01-20,
2012-01-21,
2012-01-22,
2012-01-23,
2012-01-24,
2012-01-25,
2012-01-26,
2012-01-27,
2012-01-28,
2012-01-29,
2012-01-30,
2012-01-31,
2012-02-01,
2012-02-02,
2012-02-03,
2012-02-04,
2012-02-05,
2012-02-06,
2012-02-07,
2012-02-08,
2012-02-09,
2012-02-10,
2012-02-11,
2012-02-12,
2012-02-13,
2012-02-14,
2012-02-15,
2012-02-16,
2012-02-17,
2012-02-18,
2012-02-19,
2012-02-20,
2012-02-21,
2012-02-22,
2012-02-23,
2012-02-24,
2012-02-25,
2012-02-26,
2012-02-27,
2012-02-28,
2012-02-29,
2012-03-01,
2012-03-02,
2012-03-03,
2012-03-04,
2012-03-05,
2012-03-06,
2012-03-07,
2012-03-08,
2012-03-09,
2012-03-10,
2012-03-11,
2012-03-12,
2012-03-13,
2012-03-14,
2012-03-15,
2012-03-16,
2012-03-17,
2012-03-18,
2012-03-19,
2012-03-20,
2012-03-21,
2012-03-22,
2012-03-23,
2012-03-24,
2012-03-25,
2012-03-26,
2012-03-27,
2012-03-28,
2012-03-29,
2012-03-30,
2012-03-31,
2012-04-01,
2012-04-02,
2012-04-03,
2012-04-04,
2012-04-05,
2012-04-06,
2012-04-07,
2012-04-08,
2012-04-09,
2012-04-10,
2012-04-11,
2012-04-12,
2012-04-13,
2012-04-14,
2012-04-15,
2012-04-16,
2012-04-17,
2012-04-18,
2012-04-19,
2012-04-20,
2012-04-21,
2012-04-22,
2012-04-23,
2012-04-24,
2012-04-25,
2012-04-26,
2012-04-27,
2012-04-28,
2012-04-29,
2012-04-30,
2012-05-01,
2012-05-02,
2012-05-03,
2012-05-04,
2012-05-05,
2012-05-06,
2012-05-07,
2012-05-08,
2012-05-09,
2012-05-10,
2012-05-11,
2012-05-12,
2012-05-13,
2012-05-14,
2012-05-15,
2012-05-16,
2012-05-17,
2012-05-18,
2012-05-19,
2012-05-20,
2012-05-21,
2012-05-22,
2012-05-23,
2012-05-24,
2012-05-25,
2012-05-26,
2012-05-27,
2012-05-28,
2012-05-29,
2012-05-30,
2012-05-31,
2012-06-01,
2012-06-02,
2012-06-03,
2012-06-04,
2012-06-05,
2012-06-06,
2012-06-07,
2012-06-08,
2012-06-09,
2012-06-10,
2012-06-11,
2012-06-12,
2012-06-13,
2012-06-14,
2012-06-15,
2012-06-16,
2012-06-17,
2012-06-18,
2012-06-19,
2012-06-20,
2012-06-21,
2012-06-22,
2012-06-23,
2012-06-24,
2012-06-25,
2012-06-26,
2012-06-27,
2012-06-28,
2012-06-29,
2012-06-30,
2012-07-01,
2012-07-02,
2012-07-03,
2012-07-04,
2012-07-05,
2012-07-06,
2012-07-07,
2012-07-08,
2012-07-09,
2012-07-10,
2012-07-11,
2012-07-12,
2012-07-13,
2012-07-14,
2012-07-15,
2012-07-16,
2012-07-17,
2012-07-18,
2012-07-19,
2012-07-20,
2012-07-21,
2012-07-22,
2012-07-23,
2012-07-24,
2012-07-25,
2012-07-26,
2012-07-27,
2012-07-28,
2012-07-29,
2012-07-30,
2012-07-31,
2012-08-01,
2012-08-02,
2012-08-03,
2012-08-04,
2012-08-05,
2012-08-06,
2012-08-07,
2012-08-08,
2012-08-09,
2012-08-10,
2012-08-11,
2012-08-12,
2012-08-13,
2012-08-14,
2012-08-15,
2012-08-16,
2012-08-17,
2012-08-18,
2012-08-19,
2012-08-20,
2012-08-21,
2012-08-22,
2012-08-23,
2012-08-24,
2012-08-25,
2012-08-26,
2012-08-27,
2012-08-28,
2012-08-29,
2012-08-30,
2012-08-31,
2012-09-01,
2012-09-02,
2012-09-03,
2012-09-04,
2012-09-05,
2012-09-06,
2012-09-07,
2012-09-08,
2012-09-09,
2012-09-10,
2012-09-11,
2012-09-12,
2012-09-13,
2012-09-14,
2012-09-15,
2012-09-16,
2012-09-17,
2012-09-18,
2012-09-19,
2012-09-20,
2012-09-21,
2012-09-22,
2012-09-23,
2012-09-24,
2012-09-25,
2012-09-26,
2012-09-27,
2012-09-28,
2012-09-29,
2012-09-30,
2012-10-01,
2012-10-02,
2012-10-03,
2012-10-04,
2012-10-05,
2012-10-06,
2012-10-07,
2012-10-08,
2012-10-09,
2012-10-10,
2012-10-11,
2012-10-12,
2012-10-13,
2012-10-14,
2012-10-15,
2012-10-16,
2012-10-17,
2012-10-18,
2012-10-19,
2012-10-20,
2012-10-21,
2012-10-22,
2012-10-23,
2012-10-24,
2012-10-25,
2012-10-26,
2012-10-27,
2012-10-28,
2012-10-29,
2012-10-30,
2012-10-31,
2012-11-01,
2012-11-02,
2012-11-03,
2012-11-04,
2012-11-05,
2012-11-06,
2012-11-07,
2012-11-08,
2012-11-09,
2012-11-10,
2012-11-11,
2012-11-12,
2012-11-13,
2012-11-14,
2012-11-15,
2012-11-16,
2012-11-17,
2012-11-18,
2012-11-19,
2012-11-20,
2012-11-21,
2012-11-22,
2012-11-23,
2012-11-24,
2012-11-25,
2012-11-26,
2012-11-27,
2012-11-28,
2012-11-29,
2012-11-30,
2012-12-01,
2012-12-02,
2012-12-03,
2012-12-04,
2012-12-05,
2012-12-06,
2012-12-07,
2012-12-08,
2012-12-09,
2012-12-10,
2012-12-11,
2012-12-12,
2012-12-13,
2012-12-14,
2012-12-15,
2012-12-16,
2012-12-17,
2012-12-18,
2012-12-19,
2012-12-20,
2012-12-21,
2012-12-22,
2012-12-23,
2012-12-24,
2012-12-25,
2012-12-26,
2012-12-27,
2012-12-28,
2012-12-29,
2012-12-30,
2012-12-31,
2013-01-01,
2013-01-02,
2013-01-03,
2013-01-04,
2013-01-05,
2013-01-06,
2013-01-07,
2013-01-08,
2013-01-09,
2013-01-10,
2013-01-11,
2013-01-12,
2013-01-13,
2013-01-14,
2013-01-15,
2013-01-16,
2013-01-17,
2013-01-18,
2013-01-19,
2013-01-20,
2013-01-21,
2013-01-22,
2013-01-23,
2013-01-24,
2013-01-25,
2013-01-26,
2013-01-27,
2013-01-28,
2013-01-29,
2013-01-30,
2013-01-31,
2013-02-01,
2013-02-02,
2013-02-03,
2013-02-04,
2013-02-05,
2013-02-06,
2013-02-07,
2013-02-08,
2013-02-09,
2013-02-10,
2013-02-11,
2013-02-12,
2013-02-13,
2013-02-14,
2013-02-15,
2013-02-16,
2013-02-17,
2013-02-18,
2013-02-19,
2013-02-20,
2013-02-21,
2013-02-22,
2013-02-23,
2013-02-24,
2013-02-25,
2013-02-26,
2013-02-27,
2013-02-28,
2013-03-01,
2013-03-02,
2013-03-03,
2013-03-04,
2013-03-05,
2013-03-06,
2013-03-07,
2013-03-08,
2013-03-09,
2013-03-10,
2013-03-11,
2013-03-12,
2013-03-13,
2013-03-14,
2013-03-15,
2013-03-16,
2013-03-17,
2013-03-18,
2013-03-19,
2013-03-20,
2013-03-21,
2013-03-22,
2013-03-23,
2013-03-24,
2013-03-25,
2013-03-26,
2013-03-27,
2013-03-28,
2013-03-29,
2013-03-30,
2013-03-31,
2013-04-01,
2013-04-02,
2013-04-03,
2013-04-04,
2013-04-05,
2013-04-06,
2013-04-07,
2013-04-08,
2013-04-09,
2013-04-10,
2013-04-11,
2013-04-12,
2013-04-13,
2013-04-14,
2013-04-15,
2013-04-16,
2013-04-17,
2013-04-18,
2013-04-19,
2013-04-20,
2013-04-21,
2013-04-22,
2013-04-23,
2013-04-24,
2013-04-25,
2013-04-26,
2013-04-27,
2013-04-28,
2013-04-29,
2013-04-30,
2013-05-01,
2013-05-02,
2013-05-03,
2013-05-04,
2013-05-05,
2013-05-06,
2013-05-07,
2013-05-08,
2013-05-09,
2013-05-10,
2013-05-11,
2013-05-12,
2013-05-13,
2013-05-14,
2013-05-15,
2013-05-16,
2013-05-17,
2013-05-18,
2013-05-19,
2013-05-20,
2013-05-21,
2013-05-22,
2013-05-23,
2013-05-24,
2013-05-25,
2013-05-26,
2013-05-27,
2013-05-28,
2013-05-29,
2013-05-30,
2013-05-31,
2013-06-01,
2013-06-02,
2013-06-03,
2013-06-04,
2013-06-05,
2013-06-06,
2013-06-07,
2013-06-08,
2013-06-09,
2013-06-10,
2013-06-11,
2013-06-12,
2013-06-13,
2013-06-14,
2013-06-15,
2013-06-16,
2013-06-17,
2013-06-18,
2013-06-19,
2013-06-20,
2013-06-21,
2013-06-22,
2013-06-23,
2013-06-24,
2013-06-25,
2013-06-26,
2013-06-27,
2013-06-28,
2013-06-29,
2013-06-30,
2013-07-01,
2013-07-02,
2013-07-03,
2013-07-04,
2013-07-05,
2013-07-06,
2013-07-07,
2013-07-08,
2013-07-09,
2013-07-10,
2013-07-11,
2013-07-12,
2013-07-13,
2013-07-14,
2013-07-15,
2013-07-16,
2013-07-17,
2013-07-18,
2013-07-19,
2013-07-20,
2013-07-21,
2013-07-22,
2013-07-23,
2013-07-24,
2013-07-25,
2013-07-26,
2013-07-27,
2013-07-28,
2013-07-29,
2013-07-30,
2013-07-31,
2013-08-01,
2013-08-02,
2013-08-03,
2013-08-04,
2013-08-05,
2013-08-06,
2013-08-07,
2013-08-08,
2013-08-09,
2013-08-10,
2013-08-11,
2013-08-12,
2013-08-13,
2013-08-14,
2013-08-15,
2013-08-16,
2013-08-17,
2013-08-18,
2013-08-19,
2013-08-20,
2013-08-21,
2013-08-22,
2013-08-23,
2013-08-24,
2013-08-25,
2013-08-26,
2013-08-27,
2013-08-28,
2013-08-29,
2013-08-30,
2013-08-31,
2013-09-01,
2013-09-02,
2013-09-03,
2013-09-04,
2013-09-05,
2013-09-06,
2013-09-07,
2013-09-08,
2013-09-09,
2013-09-10,
2013-09-11,
2013-09-12,
2013-09-13,
2013-09-14,
2013-09-15,
2013-09-16,
2013-09-17,
2013-09-18,
2013-09-19,
2013-09-20,
2013-09-21,
2013-09-22,
2013-09-23,
2013-09-24,
2013-09-25,
2013-09-26,
2013-09-27,
2013-09-28,
2013-09-29,
2013-09-30,
2013-10-01,
2013-10-02,
2013-10-03,
2013-10-04,
2013-10-05,
2013-10-06,
2013-10-07,
2013-10-08,
2013-10-09,
2013-10-10,
2013-10-11,
2013-10-12,
2013-10-13,
2013-10-14,
2013-10-15,
2013-10-16,
2013-10-17,
2013-10-18,
2013-10-19,
2013-10-20,
2013-10-21,
2013-10-22,
2013-10-23,
2013-10-24,
2013-10-25,
2013-10-26,
2013-10-27,
2013-10-28,
2013-10-29,
2013-10-30,
2013-10-31,
2013-11-01,
2013-11-02,
2013-11-03,
2013-11-04,
2013-11-05,
2013-11-06,
2013-11-07,
2013-11-08,
2013-11-09,
2013-11-10,
2013-11-11,
2013-11-12,
2013-11-13,
2013-11-14,
2013-11-15,
2013-11-16,
2013-11-17,
2013-11-18,
2013-11-19,
2013-11-20,
2013-11-21,
2013-11-22,
2013-11-23,
2013-11-24,
2013-11-25,
2013-11-26,
2013-11-27,
2013-11-28,
2013-11-29,
2013-11-30,
2013-12-01,
2013-12-02,
2013-12-03,
2013-12-04,
2013-12-05,
2013-12-06,
2013-12-07,
2013-12-08,
2013-12-09,
2013-12-10,
2013-12-11,
2013-12-12,
2013-12-13,
2013-12-14,
2013-12-15,
2013-12-16,
2013-12-17,
2013-12-18,
2013-12-19,
2013-12-20,
2013-12-21,
2013-12-22,
2013-12-23,
2013-12-24,
2013-12-25,
2013-12-26,
2013-12-27,
2013-12-28,
2013-12-29,
2013-12-30,
2013-12-31,
2014-01-01,
2014-01-02,
2014-01-03,
2014-01-04,
2014-01-05,
2014-01-06,
2014-01-07,
2014-01-08,
2014-01-09,
2014-01-10,
2014-01-11,
2014-01-12,
2014-01-13,
2014-01-14,
2014-01-15,
2014-01-16,
2014-01-17,
2014-01-18,
2014-01-19,
2014-01-20,
2014-01-21,
2014-01-22,
2014-01-23,
2014-01-24,
2014-01-25,
2014-01-26,
2014-01-27,
2014-01-28,
2014-01-29,
2014-01-30,
2014-01-31,
2014-02-01,
2014-02-02,
2014-02-03,
2014-02-04,
2014-02-05,
2014-02-06,
2014-02-07,
2014-02-08,
2014-02-09,
2014-02-10,
2014-02-11,
2014-02-12,
2014-02-13,
2014-02-14,
2014-02-15,
2014-02-16,
2014-02-17,
2014-02-18,
2014-02-19,
2014-02-20,
2014-02-21,
2014-02-22,
2014-02-23,
2014-02-24,
2014-02-25,
2014-02-26,
2014-02-27,
2014-02-28,
2014-03-01,
2014-03-02,
2014-03-03,
2014-03-04,
2014-03-05,
2014-03-06,
2014-03-07,
2014-03-08,
2014-03-09,
2014-03-10,
2014-03-11,
2014-03-12,
2014-03-13,
2014-03-14,
2014-03-15,
2014-03-16,
2014-03-17,
2014-03-18,
2014-03-19,
2014-03-20,
2014-03-21,
2014-03-22,
2014-03-23,
2014-03-24,
2014-03-25,
2014-03-26,
2014-03-27,
2014-03-28,
2014-03-29,
2014-03-30,
2014-03-31,
2014-04-01,
2014-04-02,
2014-04-03,
2014-04-04,
2014-04-05,
2014-04-06,
2014-04-07,
2014-04-08,
2014-04-09,
2014-04-10,
2014-04-11,
2014-04-12,
2014-04-13,
2014-04-14,
2014-04-15,
2014-04-16,
2014-04-17,
2014-04-18,
2014-04-19,
2014-04-20,
2014-04-21,
2014-04-22,
2014-04-23,
2014-04-24,
2014-04-25,
2014-04-26,
2014-04-27,
2014-04-28,
2014-04-29,
2014-04-30,
2014-05-01,
2014-05-02,
2014-05-03,
2014-05-04,
2014-05-05,
2014-05-06,
2014-05-07,
2014-05-08,
2014-05-09,
2014-05-10,
2014-05-11,
2014-05-12,
2014-05-13,
2014-05-14,
2014-05-15,
2014-05-16,
2014-05-17,
2014-05-18,
2014-05-19,
2014-05-20,
2014-05-21,
2014-05-22,
2014-05-23,
2014-05-24,
2014-05-25,
2014-05-26,
2014-05-27,
2014-05-28,
2014-05-29,
2014-05-30,
2014-05-31,
2014-06-01,
2014-06-02,
2014-06-03,
2014-06-04,
2014-06-05,
2014-06-06,
2014-06-07,
2014-06-08,
2014-06-09,
2014-06-10,
2014-06-11,
2014-06-12,
2014-06-13,
2014-06-14,
2014-06-15,
2014-06-16,
2014-06-17,
2014-06-18,
2014-06-19,
2014-06-20,
2014-06-21,
2014-06-22,
2014-06-23,
2014-06-24,
2014-06-25,
2014-06-26,
2014-06-27,
2014-06-28,
2014-06-29,
2014-06-30,
2014-07-01,
2014-07-02,
2014-07-03,
2014-07-04,
2014-07-05,
2014-07-06,
2014-07-07,
2014-07-08,
2014-07-09,
2014-07-10,
2014-07-11,
2014-07-12,
2014-07-13,
2014-07-14,
2014-07-15,
2014-07-16,
2014-07-17,
2014-07-18,
2014-07-19,
2014-07-20,
2014-07-21,
2014-07-22,
2014-07-23,
2014-07-24,
2014-07-25,
2014-07-26,
2014-07-27,
2014-07-28,
2014-07-29,
2014-07-30,
2014-07-31,
2014-08-01,
2014-08-02,
2014-08-03,
2014-08-04,
2014-08-05,
2014-08-06,
2014-08-07,
2014-08-08,
2014-08-09,
2014-08-10,
2014-08-11,
2014-08-12,
2014-08-13,
2014-08-14,
2014-08-15,
2014-08-16,
2014-08-17,
2014-08-18,
2014-08-19,
2014-08-20,
2014-08-21,
2014-08-22,
2014-08-23,
2014-08-24,
2014-08-25,
2014-08-26,
2014-08-27,
2014-08-28,
2014-08-29,
2014-08-30,
2014-08-31,
2014-09-01,
2014-09-02,
2014-09-03,
2014-09-04,
2014-09-05,
2014-09-06,
2014-09-07,
2014-09-08,
2014-09-09,
2014-09-10,
2014-09-11,
2014-09-12,
2014-09-13,
2014-09-14,
2014-09-15,
2014-09-16,
2014-09-17,
2014-09-18,
2014-09-19,
2014-09-20,
2014-09-21,
2014-09-22,
2014-09-23,
2014-09-24,
2014-09-25,
2014-09-26,
2014-09-27,
2014-09-28,
2014-09-29,
2014-09-30,
2014-10-01,
2014-10-02,
2014-10-03,
2014-10-04,
2014-10-05,
2014-10-06,
2014-10-07,
2014-10-08,
2014-10-09,
2014-10-10,
2014-10-11,
2014-10-12,
2014-10-13,
2014-10-14,
2014-10-15,
2014-10-16,
2014-10-17,
2014-10-18,
2014-10-19,
2014-10-20,
2014-10-21,
2014-10-22,
2014-10-23,
2014-10-24,
2014-10-25,
2014-10-26,
2014-10-27,
2014-10-28,
2014-10-29,
2014-10-30,
2014-10-31,
2014-11-01,
2014-11-02,
2014-11-03,
2014-11-04,
2014-11-05,
2014-11-06,
2014-11-07,
2014-11-08,
2014-11-09,
2014-11-10,
2014-11-11,
2014-11-12,
2014-11-13,
2014-11-14,
2014-11-15,
2014-11-16,
2014-11-17,
2014-11-18,
2014-11-19,
2014-11-20,
2014-11-21,
2014-11-22,
2014-11-23,
2014-11-24,
2014-11-25,
2014-11-26,
2014-11-27,
2014-11-28,
2014-11-29,
2014-11-30,
2014-12-01,
2014-12-02,
2014-12-03,
2014-12-04,
2014-12-05,
2014-12-06,
2014-12-07,
2014-12-08,
2014-12-09,
2014-12-10,
2014-12-11,
2014-12-12,
2014-12-13,
2014-12-14,
2014-12-15,
2014-12-16,
2014-12-17,
2014-12-18,
2014-12-19,
2014-12-20,
2014-12-21,
2014-12-22,
2014-12-23,
2014-12-24,
2014-12-25,
2014-12-26,
2014-12-27,
2014-12-28,
2014-12-29,
2014-12-30,
2014-12-31,
2015-01-01,
2015-01-02,
2015-01-03,
2015-01-04,
2015-01-05,
2015-01-06,
2015-01-07,
2015-01-08,
2015-01-09,
2015-01-10,
2015-01-11,
2015-01-12,
2015-01-13,
2015-01-14,
2015-01-15,
2015-01-16,
2015-01-17,
2015-01-18,
2015-01-19,
2015-01-20,
2015-01-21,
2015-01-22,
2015-01-23,
2015-01-24,
2015-01-25,
2015-01-26,
2015-01-27,
2015-01-28,
2015-01-29,
2015-01-30,
2015-01-31,
2015-02-01,
2015-02-02,
2015-02-03,
2015-02-04,
2015-02-05,
2015-02-06,
2015-02-07,
2015-02-08,
2015-02-09,
2015-02-10,
2015-02-11,
2015-02-12,
2015-02-13,
2015-02-14,
2015-02-15,
2015-02-16,
2015-02-17,
2015-02-18,
2015-02-19,
2015-02-20,
2015-02-21,
2015-02-22,
2015-02-23,
2015-02-24,
2015-02-25,
2015-02-26,
2015-02-27,
2015-02-28,
2015-03-01,
2015-03-02,
2015-03-03,
2015-03-04,
2015-03-05,
2015-03-06,
2015-03-07,
2015-03-08,
2015-03-09,
2015-03-10,
2015-03-11,
2015-03-12,
2015-03-13,
2015-03-14,
2015-03-15,
2015-03-16,
2015-03-17,
2015-03-18,
2015-03-19,
2015-03-20,
2015-03-21,
2015-03-22,
2015-03-23,
2015-03-24,
2015-03-25,
2015-03-26,
2015-03-27,
2015-03-28,
2015-03-29,
2015-03-30,
2015-03-31,
2015-04-01,
2015-04-02,
2015-04-03,
2015-04-04,
2015-04-05,
2015-04-06,
2015-04-07,
2015-04-08,
2015-04-09,
2015-04-10,
2015-04-11,
2015-04-12,
2015-04-13,
2015-04-14,
2015-04-15,
2015-04-16,
2015-04-17,
2015-04-18,
2015-04-19,
2015-04-20,
2015-04-21,
2015-04-22,
2015-04-23,
2015-04-24,
2015-04-25,
2015-04-26,
2015-04-27,
2015-04-28,
2015-04-29,
2015-04-30,
2015-05-01,
2015-05-02,
2015-05-03,
2015-05-04,
2015-05-05,
2015-05-06,
2015-05-07,
2015-05-08,
2015-05-09,
2015-05-10,
2015-05-11,
2015-05-12,
2015-05-13,
2015-05-14,
2015-05-15,
2015-05-16,
2015-05-17,
2015-05-18,
2015-05-19,
2015-05-20,
2015-05-21,
2015-05-22,
2015-05-23,
2015-05-24,
2015-05-25,
2015-05-26,
2015-05-27,
2015-05-28,
2015-05-29,
2015-05-30,
2015-05-31,
2015-06-01,
2015-06-02,
2015-06-03,
2015-06-04,
2015-06-05,
2015-06-06,
2015-06-07,
2015-06-08,
2015-06-09,
2015-06-10,
2015-06-11,
2015-06-12,
2015-06-13,
2015-06-14,
2015-06-15,
2015-06-16,
2015-06-17,
2015-06-18,
2015-06-19,
2015-06-20,
2015-06-21,
2015-06-22,
2015-06-23,
2015-06-24,
2015-06-25,
2015-06-26,
2015-06-27,
2015-06-28,
2015-06-29,
2015-06-30,
2015-07-01,
2015-07-02,
2015-07-03,
2015-07-04,
2015-07-05,
2015-07-06,
2015-07-07,
2015-07-08,
2015-07-09,
2015-07-10,
2015-07-11,
2015-07-12,
2015-07-13,
2015-07-14,
2015-07-15,
2015-07-16,
2015-07-17,
2015-07-18,
2015-07-19,
2015-07-20,
2015-07-21,
2015-07-22,
2015-07-23,
2015-07-24,
2015-07-25,
2015-07-26,
2015-07-27,
2015-07-28,
2015-07-29,
2015-07-30,
2015-07-31,
2015-08-01,
2015-08-02,
2015-08-03,
2015-08-04,
2015-08-05,
2015-08-06,
2015-08-07,
2015-08-08,
2015-08-09,
2015-08-10,
2015-08-11,
2015-08-12,
2015-08-13,
2015-08-14,
2015-08-15,
2015-08-16,
2015-08-17,
2015-08-18,
2015-08-19,
2015-08-20,
2015-08-21,
2015-08-22,
2015-08-23,
2015-08-24,
2015-08-25,
2015-08-26,
2015-08-27,
2015-08-28,
2015-08-29,
2015-08-30,
2015-08-31,
2015-09-01,
2015-09-02,
2015-09-03,
2015-09-04,
2015-09-05,
2015-09-06,
2015-09-07,
2015-09-08,
2015-09-09,
2015-09-10,
2015-09-11,
2015-09-12,
2015-09-13,
2015-09-14,
2015-09-15,
2015-09-16,
2015-09-17,
2015-09-18,
2015-09-19,
2015-09-20,
2015-09-21,
2015-09-22,
2015-09-23,
2015-09-24,
2015-09-25,
2015-09-26,
2015-09-27,
2015-09-28,
2015-09-29,
2015-09-30,
2015-10-01,
2015-10-02,
2015-10-03,
2015-10-04,
2015-10-05,
2015-10-06,
2015-10-07,
2015-10-08,
2015-10-09,
2015-10-10,
2015-10-11,
2015-10-12,
2015-10-13,
2015-10-14,
2015-10-15,
2015-10-16,
2015-10-17,
2015-10-18,
2015-10-19,
2015-10-20,
2015-10-21,
2015-10-22,
2015-10-23,
2015-10-24,
2015-10-25,
2015-10-26,
2015-10-27,
2015-10-28,
2015-10-29,
2015-10-30,
2015-10-31,
2015-11-01,
2015-11-02,
2015-11-03,
2015-11-04,
2015-11-05,
2015-11-06,
2015-11-07,
2015-11-08,
2015-11-09,
2015-11-10,
2015-11-11,
2015-11-12,
2015-11-13,
2015-11-14,
2015-11-15,
2015-11-16,
2015-11-17,
2015-11-18,
2015-11-19,
2015-11-20,
2015-11-21,
2015-11-22,
2015-11-23,
2015-11-24,
2015-11-25,
2015-11-26,
2015-11-27,
2015-11-28,
2015-11-29,
2015-11-30,
2015-12-01,
2015-12-02,
2015-12-03,
2015-12-04,
2015-12-05,
2015-12-06,
2015-12-07,
2015-12-08,
2015-12-09,
2015-12-10,
2015-12-11,
2015-12-12,
2015-12-13,
2015-12-14,
2015-12-15,
2015-12-16,
2015-12-17,
2015-12-18,
2015-12-19,
2015-12-20,
2015-12-21,
2015-12-22,
2015-12-23,
2015-12-24,
2015-12-25,
2015-12-26,
2015-12-27,
2015-12-28,
2015-12-29,
2015-12-30,
2015-12-31,
2016-01-01,
2016-01-02,
2016-01-03,
2016-01-04,
2016-01-05,
2016-01-06,
2016-01-07,
2016-01-08,
2016-01-09,
2016-01-10,
2016-01-11,
2016-01-12,
2016-01-13,
2016-01-14,
2016-01-15,
2016-01-16,
2016-01-17,
2016-01-18,
2016-01-19,
2016-01-20,
2016-01-21,
2016-01-22,
2016-01-23,
2016-01-24,
2016-01-25,
2016-01-26,
2016-01-27,
2016-01-28,
2016-01-29,
2016-01-30,
2016-01-31,
2016-02-01,
2016-02-02,
2016-02-03,
2016-02-04,
2016-02-05,
2016-02-06,
2016-02-07,
2016-02-08,
2016-02-09,
2016-02-10,
2016-02-11,
2016-02-12,
2016-02-13,
2016-02-14,
2016-02-15,
2016-02-16,
2016-02-17,
2016-02-18,
2016-02-19,
2016-02-20,
2016-02-21,
2016-02-22,
2016-02-23,
2016-02-24,
2016-02-25,
2016-02-26,
2016-02-27,
2016-02-28,
2016-02-29,
2016-03-01,
2016-03-02,
2016-03-03,
2016-03-04,
2016-03-05,
2016-03-06,
2016-03-07,
2016-03-08,
2016-03-09,
2016-03-10,
2016-03-11,
2016-03-12,
2016-03-13,
2016-03-14,
2016-03-15,
2016-03-16,
2016-03-17,
2016-03-18,
2016-03-19,
2016-03-20,
2016-03-21,
2016-03-22,
2016-03-23,
2016-03-24,
2016-03-25,
2016-03-26,
2016-03-27,
2016-03-28,
2016-03-29,
2016-03-30,
2016-03-31,
2016-04-01,
2016-04-02,
2016-04-03,
2016-04-04,
2016-04-05,
2016-04-06,
2016-04-07,
2016-04-08,
2016-04-09,
2016-04-10,
2016-04-11,
2016-04-12,
2016-04-13,
2016-04-14,
2016-04-15,
2016-04-16,
2016-04-17,
2016-04-18,
2016-04-19,
2016-04-20,
2016-04-21,
2016-04-22,
2016-04-23,
2016-04-24,
2016-04-25,
2016-04-26,
2016-04-27,
2016-04-28,
2016-04-29,
2016-04-30,
2016-05-01,
2016-05-02,
2016-05-03,
2016-05-04,
2016-05-05,
2016-05-06,
2016-05-07,
2016-05-08,
2016-05-09,
2016-05-10,
2016-05-11,
2016-05-12,
2016-05-13,
2016-05-14,
2016-05-15,
2016-05-16,
2016-05-17,
2016-05-18,
2016-05-19,
2016-05-20,
2016-05-21,
2016-05-22,
2016-05-23,
2016-05-24,
2016-05-25,
2016-05-26,
2016-05-27,
2016-05-28,
2016-05-29,
2016-05-30,
2016-05-31,
2016-06-01,
2016-06-02,
2016-06-03,
2016-06-04,
2016-06-05,
2016-06-06,
2016-06-07,
2016-06-08,
2016-06-09,
2016-06-10,
2016-06-11,
2016-06-12,
2016-06-13,
2016-06-14,
2016-06-15,
2016-06-16,
2016-06-17,
2016-06-18,
2016-06-19,
2016-06-20,
2016-06-21,
2016-06-22,
2016-06-23,15.0
2016-06-24,10.0
2016-06-25,9.0
2016-06-26,13.0
2016-06-27,16.0
2016-06-28,17.0
2016-06-29,14.0
2016-06-30,18.0
2016-07-01,17.0
2016-07-02,19.0
2016-07-03,23.0
2016-07-04,26.0
2016-07-05,28.0
2016-07-06,25.0
2016-07-07,17.0
2016-07-08,14.0
2016-07-09,14.0
2016-07-10,11.0
2016-07-11,18.0
2016-07-12,26.0
2016-07-13,23.0
2016-07-14,20.0
2016-07-15,22.0
2016-07-16,21.0
2016-07-17,16.0
2016-07-18,14.0
2016-07-19,11.0
2016-07-20,13.0
2016-07-21,14.0
2016-07-22,17.0
2016-07-23,15.0
2016-07-24,21.0
2016-07-25,26.0
2016-07-26,17.0
2016-07-27,16.0
2016-07-28,18.0
2016-07-29,22.0
2016-07-30,16.0
2016-07-31,20.0
2016-08-01,16.0
2016-08-02,21.0
2016-08-03,20.0
2016-08-04,21.0
2016-08-05,31.0
2016-08-06,24.0
2016-08-07,18.0
2016-08-08,16.0
2016-08-09,22.0
2016-08-10,27.0
2016-08-11,24.0
2016-08-12,20.0
2016-08-13,20.0
2016-08-14,24.0
2016-08-15,22.0
2016-08-16,20.0
2016-08-17,21.0
2016-08-18,32.0
2016-08-19,28.0
2016-08-20,21.0
2016-08-21,25.0
2016-08-22,25.0
2016-08-23,23.0
2016-08-24,28.0
2016-08-25,25.0
2016-08-26,21.0
2016-08-27,19.0
2016-08-28,19.0
2016-08-29,18.0
2016-08-30,16.0
2016-08-31,20.0
2016-09-01,22.0
2016-09-02,20.0
2016-09-03,14.0
2016-09-04,16.0
2016-09-05,15.0
2016-09-06,16.0
2016-09-07,16.0
2016-09-08,21.0
2016-09-09,29.0
2016-09-10,23.0
2016-09-11,19.0
2016-09-12,22.0
2016-09-13,25.0
2016-09-14,20.0
2016-09-15,25.0
2016-09-16,23.0
2016-09-17,17.0
2016-09-18,18.0
2016-09-19,23.0
2016-09-20,31.0
2016-09-21,28.0
2016-09-22,31.0
2016-09-23,36.0
2016-09-24,37.0
2016-09-25,
2016-09-26,
2016-09-27,11.0
2016-09-28,16.0
2016-09-29,16.0
2016-09-30,16.0
2016-10-01,16.0
2016-10-02,22.0
2016-10-03,18.0
2016-10-04,22.0
2016-10-05,27.0
2016-10-06,26.0
2016-10-07,19.0
2016-10-08,18.0
2016-10-09,20.0
2016-10-10,19.0
2016-10-11,37.0
2016-10-12,37.0
2016-10-13,54.0
2016-10-14,48.0
2016-10-15,35.0
2016-10-16,26.0
2016-10-17,34.0
2016-10-18,60.0
2016-10-19,31.0
2016-10-20,17.0
2016-10-21,21.0
2016-10-22,23.0
2016-10-23,26.0
2016-10-24,34.0
2016-10-25,33.0
2016-10-26,26.0
2016-10-27,20.0
2016-10-28,26.0
2016-10-29,25.0
2016-10-30,23.0
2016-10-31,17.0
2016-11-01,20.0
2016-11-02,19.0
2016-11-03,30.0
2016-11-04,39.0
2016-11-05,56.0
2016-11-06,75.0
2016-11-07,81.0
2016-11-08,29.0
2016-11-09,30.0
2016-11-10,27.0
2016-11-11,25.0
2016-11-12,32.0
2016-11-13,23.0
2016-11-14,43.0
2016-11-15,38.0
2016-11-16,25.0
2016-11-17,31.0
2016-11-18,32.0
2016-11-19,43.0
2016-11-20,40.0
2016-11-21,56.0
2016-11-22,49.0
2016-11-23,55.0
2016-11-24,30.0
2016-11-25,35.0
2016-11-26,30.0
2016-11-27,16.0
2016-11-28,19.0
2016-11-29,34.0
2016-11-30,40.0
2016-12-01,
2016-12-02,
2016-12-03,37.0
2016-12-04,32.0
2016-12-05,36.0
2016-12-06,38.0
2016-12-07,56.0
2016-12-08,68.0
2016-12-09,63.0
2016-12-10,61.0
2016-12-11,80.0
2016-12-12,76.0
2016-12-13,76.0
2016-12-14,63.0
2016-12-15,26.0
2016-12-16,28.0
2016-12-17,42.0
2016-12-18,54.0
2016-12-19,60.0
2016-12-20,60.0
2016-12-21,76.0
2016-12-22,39.0
2016-12-23,26.0
2016-12-24,36.0
2016-12-25,56.0
2016-12-26,64.0
2016-12-27,34.0
2016-12-28,30.0
2016-12-29,50.0
2016-12-30,51.0
2016-12-31,50.0
2017-01-01,34.0
2017-01-02,32.0
2017-01-03,34.0
2017-01-04,37.0
2017-01-05,45.0
2017-01-06,44.0
2017-01-07,52.0
2017-01-08,49.0
2017-01-09,39.0
2017-01-10,51.0
2017-01-11,29.0
2017-01-12,19.0
2017-01-13,27.0
2017-01-14,44.0
2017-01-15,54.0
2017-01-16,42.0
2017-01-17,36.0
2017-01-18,42.0
2017-01-19,47.0
2017-01-20,36.0
2017-01-21,35.0
2017-01-22,31.0
2017-01-23,35.0
2017-01-24,46.0
2017-01-25,57.0
2017-01-26,44.0
2017-01-27,43.0
2017-01-28,45.0
2017-01-29,62.0
2017-01-30,58.0
2017-01-31,58.0
2017-02-01,54.0
2017-02-02,59.0
2017-02-03,21.0
2017-02-04,35.0
2017-02-05,57.0
2017-02-06,68.0
2017-02-07,52.0
2017-02-08,38.0
2017-02-09,47.0
2017-02-10,52.0
2017-02-11,52.0
2017-02-12,51.0
2017-02-13,62.0
2017-02-14,75.0
2017-02-15,70.0
2017-02-16,66.0
2017-02-17,60.0
2017-02-18,73.0
2017-02-19,86.0
2017-02-20,52.0
2017-02-21,37.0
2017-02-22,25.0
2017-02-23,18.0
2017-02-24,15.0
2017-02-25,16.0
2017-02-26,22.0
2017-02-27,42.0
2017-02-28,71.0
2017-03-01,67.0
2017-03-02,70.0
2017-03-03,86.0
2017-03-04,50.0
2017-03-05,38.0
2017-03-06,37.0
2017-03-07,29.0
2017-03-08,31.0
2017-03-09,29.0
2017-03-10,21.0
2017-03-11,24.0
2017-03-12,27.0
2017-03-13,40.0
2017-03-14,27.0
2017-03-15,25.0
2017-03-16,26.0
2017-03-17,25.0
2017-03-18,18.0
2017-03-19,15.0
2017-03-20,14.0
2017-03-21,30.0
2017-03-22,29.0
2017-03-23,19.0
2017-03-24,18.0
2017-03-25,21.0
2017-03-26,21.0
2017-03-27,30.0
2017-03-28,38.0
2017-03-29,31.0
2017-03-30,23.0
2017-03-31,16.0
2017-04-01,23.0
2017-04-02,30.0
2017-04-03,45.0
2017-04-04,50.0
2017-04-05,46.0
2017-04-06,33.0
2017-04-07,17.0
2017-04-08,14.0
2017-04-09,
2017-04-10,
2017-04-11,9.0
2017-04-12,7.0
2017-04-13,10.0
2017-04-14,19.0
2017-04-15,15.0
2017-04-16,16.0
2017-04-17,21.0
2017-04-18,18.0
2017-04-19,14.0
2017-04-20,24.0
2017-04-21,37.0
2017-04-22,48.0
2017-04-23,48.0
2017-04-24,40.0
2017-04-25,36.0
2017-04-26,36.0
2017-04-27,34.0
2017-04-28,33.0
2017-04-29,38.0
2017-04-30,34.0
2017-05-01,17.0
2017-05-02,18.0
2017-05-03,19.0
2017-05-04,21.0
2017-05-05,24.0
2017-05-06,42.0
2017-05-07,19.0
2017-05-08,20.0
2017-05-09,17.0
2017-05-10,26.0
2017-05-11,28.0
2017-05-12,21.0
2017-05-13,24.0
2017-05-14,16.0
2017-05-15,10.0
2017-05-16,19.0
2017-05-17,15.0
2017-05-18,16.0
2017-05-19,31.0
2017-05-20,33.0
2017-05-21,23.0
2017-05-22,25.0
2017-05-23,24.0
2017-05-24,22.0
2017-05-25,17.0
2017-05-26,24.0
2017-05-27,26.0
2017-05-28,21.0
2017-05-29,19.0
2017-05-30,22.0
2017-05-31,24.0
2017-06-01,15.0
2017-06-02,21.0
2017-06-03,11.0
2017-06-04,14.0
2017-06-05,16.0
2017-06-06,14.0
2017-06-07,15.0
2017-06-08,15.0
2017-06-09,15.0
2017-06-10,18.0
2017-06-11,27.0
2017-06-12,30.0
2017-06-13,27.0
2017-06-14,
2017-06-15,32.0
2017-06-16,28.0
2017-06-17,23.0
2017-06-18,18.0
2017-06-19,20.0
2017-06-20,23.0
2017-06-21,26.0
2017-06-22,20.0
2017-06-23,19.0
2017-06-24,19.0
2017-06-25,20.0
2017-06-26,19.0
2017-06-27,21.0
2017-06-28,15.0
2017-06-29,20.0
2017-06-30,18.0
2017-07-01,19.0
2017-07-02,23.0
2017-07-03,20.0
2017-07-04,22.0
2017-07-05,19.0
2017-07-06,18.0
2017-07-07,12.0
2017-07-08,21.0
2017-07-09,17.0
2017-07-10,20.0
2017-07-11,22.0
2017-07-12,21.0
2017-07-13,21.0
2017-07-14,24.0
2017-07-15,26.0
2017-07-16,20.0
2017-07-17,20.0
2017-07-18,20.0
2017-07-19,19.0
2017-07-20,25.0
2017-07-21,24.0
2017-07-22,20.0
2017-07-23,22.0
2017-07-24,25.0
2017-07-25,21.0
2017-07-26,21.0
2017-07-27,23.0
2017-07-28,20.0
2017-07-29,26.0
2017-07-30,27.0
2017-07-31,28.0
2017-08-01,31.0
2017-08-02,28.0
2017-08-03,30.0
2017-08-04,22.0
2017-08-05,20.0
2017-08-06,22.0
2017-08-07,22.0
2017-08-08,21.0
2017-08-09,22.0
2017-08-10,22.0
2017-08-11,19.0
2017-08-12,14.0
2017-08-13,15.0
2017-08-14,19.0
2017-08-15,14.0
2017-08-16,19.0
2017-08-17,16.0
2017-08-18,23.0
2017-08-19,
2017-08-20,
2017-08-21,
2017-08-22,20.0
2017-08-23,18.0
2017-08-24,21.0
2017-08-25,20.0
2017-08-26,18.0
2017-08-27,13.0
2017-08-28,21.0
2017-08-29,30.0
2017-08-30,28.0
2017-08-31,23.0
2017-09-01,22.0
2017-09-02,22.0
2017-09-03,16.0
2017-09-04,15.0
2017-09-05,16.0
2017-09-06,20.0
2017-09-07,15.0
2017-09-08,16.0
2017-09-09,16.0
2017-09-10,24.0
2017-09-11,33.0
2017-09-12,30.0
2017-09-13,32.0
2017-09-14,26.0
2017-09-15,21.0
2017-09-16,18.0
2017-09-17,11.0
2017-09-18,18.0
2017-09-19,24.0
2017-09-20,31.0
2017-09-21,42.0
2017-09-22,30.0
2017-09-23,28.0
2017-09-24,28.0
2017-09-25,19.0
2017-09-26,15.0
2017-09-27,23.0
2017-09-28,19.0
2017-09-29,26.0
2017-09-30,34.0
2017-10-01,36.0
2017-10-02,28.0
2017-10-03,28.0
2017-10-04,24.0
2017-10-05,23.0
2017-10-06,32.0
2017-10-07,33.0
2017-10-08,38.0
2017-10-09,26.0
2017-10-10,31.0
2017-10-11,23.0
2017-10-12,47.0
2017-10-13,55.0
2017-10-14,23.0
2017-10-15,29.0
2017-10-16,24.0
2017-10-17,28.0
2017-10-18,33.0
2017-10-19,28.0
2017-10-20,22.0
2017-10-21,41.0
2017-10-22,27.0
2017-10-23,26.0
2017-10-24,26.0
2017-10-25,
2017-10-26,
2017-10-27,
2017-10-28,53.0
2017-10-29,61.0
2017-10-30,
2017-10-31,
2017-11-01,58.0
2017-11-02,
2017-11-03,
2017-11-04,
2017-11-05,
2017-11-06,
2017-11-07,
2017-11-08,42.0
2017-11-09,36.0
2017-11-10,30.0
2017-11-11,26.0
2017-11-12,32.0
2017-11-13,36.0
2017-11-14,48.0
2017-11-15,43.0
2017-11-16,27.0
2017-11-17,40.0
2017-11-18,56.0
2017-11-19,45.0
2017-11-20,28.0
2017-11-21,24.0
2017-11-22,34.0
2017-11-23,23.0
2017-11-24,26.0
2017-11-25,35.0
2017-11-26,35.0
2017-11-27,35.0
2017-11-28,42.0
2017-11-29,41.0
2017-11-30,40.0
2017-12-01,42.0
2017-12-02,42.0
2017-12-03,35.0
2017-12-04,35.0
2017-12-05,32.0
2017-12-06,47.0
2017-12-07,53.0
2017-12-08,50.0
2017-12-09,37.0
2017-12-10,60.0
2017-12-11,88.0
2017-12-12,44.0
2017-12-13,33.0
2017-12-14,36.0
2017-12-15,44.0
2017-12-16,42.0
2017-12-17,20.0
2017-12-18,38.0
2017-12-19,48.0
2017-12-20,55.0
2017-12-21,57.0
2017-12-22,69.0
2017-12-23,75.0
2017-12-24,67.0
2017-12-25,39.0
2017-12-26,70.0
2017-12-27,52.0
2017-12-28,37.0
2017-12-29,31.0
2017-12-30,31.0
2017-12-31,28.0
2018-01-01,31.0
2018-01-02,37.0
2018-01-03,50.0
2018-01-04,53.0
2018-01-05,58.0
2018-01-06,52.0
2018-01-07,20.0
2018-01-08,16.0
2018-01-09,21.0
2018-01-10,21.0
2018-01-11,44.0
2018-01-12,50.0
2018-01-13,58.0
2018-01-14,62.0
2018-01-15,72.0
2018-01-16,77.0
2018-01-17,99.0
2018-01-18,73.0
2018-01-19,76.0
2018-01-20,65.0
2018-01-21,87.0
2018-01-22,105.0
2018-01-23,78.0
2018-01-24,72.0
2018-01-25,35.0
2018-01-26,24.0
2018-01-27,21.0
2018-01-28,23.0
2018-01-29,24.0
2018-01-30,24.0
2018-01-31,24.0
2018-02-01,43.0
2018-02-02,60.0
2018-02-03,64.0
2018-02-04,74.0
2018-02-05,79.0
2018-02-06,61.0
2018-02-07,95.0
2018-02-08,80.0
2018-02-09,55.0
2018-02-10,50.0
2018-02-11,53.0
2018-02-12,64.0
2018-02-13,60.0
2018-02-14,94.0
2018-02-15,68.0
2018-02-16,54.0
2018-02-17,51.0
2018-02-18,47.0
2018-02-19,43.0
2018-02-20,20.0
2018-02-21,26.0
2018-02-22,33.0
2018-02-23,38.0
2018-02-24,48.0
2018-02-25,48.0
2018-02-26,55.0
2018-02-27,32.0
2018-02-28,38.0
2018-03-01,27.0
2018-03-02,27.0
2018-03-03,19.0
2018-03-04,18.0
2018-03-05,14.0
2018-03-06,17.0
2018-03-07,19.0
2018-03-08,29.0
2018-03-09,32.0
2018-03-10,47.0
2018-03-11,65.0
2018-03-12,87.0
2018-03-13,45.0
2018-03-14,33.0
2018-03-15,26.0
2018-03-16,
2018-03-17,20.0
2018-03-18,16.0
2018-03-19,16.0
2018-03-20,25.0
2018-03-21,25.0
2018-03-22,38.0
2018-03-23,48.0
2018-03-24,50.0
2018-03-25,37.0
2018-03-26,29.0
2018-03-27,42.0
2018-03-28,32.0
2018-03-29,28.0
2018-03-30,29.0
2018-03-31,30.0
2018-04-01,42.0
2018-04-02,42.0
2018-04-03,45.0
2018-04-04,23.0
2018-04-05,21.0
2018-04-06,36.0
2018-04-07,15.0
2018-04-08,24.0
2018-04-09,45.0
2018-04-10,56.0
2018-04-11,18.0
2018-04-12,10.0
2018-04-13,10.0
2018-04-14,12.0
2018-04-15,12.0
2018-04-16,18.0
2018-04-17,13.0
2018-04-18,25.0
2018-04-19,16.0
2018-04-20,14.0
2018-04-21,16.0
2018-04-22,14.0
2018-04-23,21.0
2018-04-24,16.0
2018-04-25,22.0
2018-04-26,19.0
2018-04-27,21.0
2018-04-28,18.0
2018-04-29,21.0
2018-04-30,17.0
2018-05-01,10.0
2018-05-02,12.0
2018-05-03,18.0
2018-05-04,18.0
2018-05-05,14.0
2018-05-06,13.0
2018-05-07,17.0
2018-05-08,20.0
2018-05-09,17.0
2018-05-10,15.0
2018-05-11,18.0
2018-05-12,26.0
2018-05-13,20.0
2018-05-14,17.0
2018-05-15,23.0
2018-05-16,15.0
2018-05-17,12.0
2018-05-18,14.0
2018-05-19,17.0
2018-05-20,19.0
2018-05-21,19.0
2018-05-22,25.0
2018-05-23,27.0
2018-05-24,13.0
2018-05-25,14.0
2018-05-26,19.0
2018-05-27,16.0
2018-05-28,21.0
2018-05-29,12.0
2018-05-30,12.0
2018-05-31,20.0
2018-06-01,16.0
2018-06-02,15.0
2018-06-03,12.0
2018-06-04,12.0
2018-06-05,13.0
2018-06-06,17.0
2018-06-07,15.0
2018-06-08,11.0
2018-06-09,12.0
2018-06-10,12.0
2018-06-11,10.0
2018-06-12,9.0
2018-06-13,11.0
2018-06-14,12.0
2018-06-15,15.0
2018-06-16,16.0
2018-06-17,16.0
2018-06-18,23.0
2018-06-19,23.0
2018-06-20,13.0
2018-06-21,16.0
2018-06-22,21.0
2018-06-23,24.0
2018-06-24,17.0
2018-06-25,13.0
2018-06-26,18.0
2018-06-27,18.0
2018-06-28,19.0
2018-06-29,21.0
2018-06-30,18.0
2018-07-01,13.0
2018-07-02,12.0
2018-07-03,14.0
2018-07-04,11.0
2018-07-05,14.0
2018-07-06,13.0
2018-07-07,17.0
2018-07-08,23.0
2018-07-09,21.0
2018-07-10,23.0
2018-07-11,14.0
2018-07-12,15.0
2018-07-13,15.0
2018-07-14,23.0
2018-07-15,19.0
2018-07-16,21.0
2018-07-17,23.0
2018-07-18,16.0
2018-07-19,13.0
2018-07-20,16.0
2018-07-21,19.0
2018-07-22,19.0
2018-07-23,21.0
2018-07-24,24.0
2018-07-25,20.0
2018-07-26,20.0
2018-07-27,21.0
2018-07-28,15.0
2018-07-29,17.0
2018-07-30,19.0
2018-07-31,20.0
2018-08-01,18.0
2018-08-02,22.0
2018-08-03,16.0
2018-08-04,15.0
2018-08-05,14.0
2018-08-06,16.0
2018-08-07,18.0
2018-08-08,28.0
2018-08-09,17.0
2018-08-10,17.0
2018-08-11,13.0
2018-08-12,11.0
2018-08-13,14.0
2018-08-14,13.0
2018-08-15,13.0
2018-08-16,14.0
2018-08-17,14.0
2018-08-18,9.0
2018-08-19,8.0
2018-08-20,11.0
2018-08-21,22.0
2018-08-22,20.0
2018-08-23,23.0
2018-08-24,17.0
2018-08-25,15.0
2018-08-26,13.0
2018-08-27,16.0
2018-08-28,19.0
2018-08-29,23.0
2018-08-30,13.0
2018-08-31,13.0
2018-09-01,17.0
2018-09-02,15.0
2018-09-03,15.0
2018-09-04,12.0
2018-09-05,
2018-09-06,
2018-09-07,19.0
2018-09-08,25.0
2018-09-09,34.0
2018-09-10,35.0
2018-09-11,17.0
2018-09-12,19.0
2018-09-13,17.0
2018-09-14,17.0
2018-09-15,17.0
2018-09-16,16.0
2018-09-17,15.0
2018-09-18,12.0
2018-09-19,11.0
2018-09-20,21.0
2018-09-21,27.0
2018-09-22,27.0
2018-09-23,20.0
2018-09-24,21.0
2018-09-25,19.0
2018-09-26,15.0
2018-09-27,13.0
2018-09-28,18.0
2018-09-29,23.0
2018-09-30,16.0
2018-10-01,15.0
2018-10-02,21.0
2018-10-03,38.0
2018-10-04,38.0
2018-10-05,15.0
2018-10-06,21.0
2018-10-07,25.0
2018-10-08,30.0
2018-10-09,26.0
2018-10-10,32.0
2018-10-11,27.0
2018-10-12,19.0
2018-10-13,33.0
2018-10-14,33.0
2018-10-15,19.0
2018-10-16,15.0
2018-10-17,17.0
2018-10-18,24.0
2018-10-19,30.0
2018-10-20,22.0
2018-10-21,13.0
2018-10-22,14.0
2018-10-23,20.0
2018-10-24,25.0
2018-10-25,36.0
2018-10-26,26.0
2018-10-27,23.0
2018-10-28,15.0
2018-10-29,26.0
2018-10-30,23.0
2018-10-31,27.0
2018-11-01,36.0
2018-11-02,44.0
2018-11-03,50.0
2018-11-04,44.0
2018-11-05,44.0
2018-11-06,37.0
2018-11-07,27.0
2018-11-08,20.0
2018-11-09,20.0
2018-11-10,
2018-11-11,
2018-11-12,
2018-11-13,52.0
2018-11-14,47.0
2018-11-15,49.0
2018-11-16,26.0
2018-11-17,24.0
2018-11-18,32.0
2018-11-19,38.0
2018-11-20,40.0
2018-11-21,46.0
2018-11-22,42.0
2018-11-23,33.0
2018-11-24,27.0
2018-11-25,38.0
2018-11-26,36.0
2018-11-27,32.0
2018-11-28,25.0
2018-11-29,39.0
2018-11-30,46.0
2018-12-01,51.0
2018-12-02,47.0
2018-12-03,34.0
2018-12-04,41.0
2018-12-05,31.0
2018-12-06,32.0
2018-12-07,43.0
2018-12-08,23.0
2018-12-09,31.0
2018-12-10,28.0
2018-12-11,37.0
2018-12-12,26.0
2018-12-13,25.0
2018-12-14,30.0
2018-12-15,32.0
2018-12-16,29.0
2018-12-17,24.0
2018-12-18,29.0
2018-12-19,57.0
2018-12-20,88.0
2018-12-21,72.0
2018-12-22,55.0
2018-12-23,48.0
2018-12-24,52.0
2018-12-25,51.0
2018-12-26,68.0
2018-12-27,68.0
2018-12-28,75.0
2018-12-29,33.0
2018-12-30,25.0
2018-12-31,25.0
2019-01-01,28.0
2019-01-02,30.0
2019-01-03,34.0
2019-01-04,37.0
2019-01-05,46.0
2019-01-06,81.0
2019-01-07,74.0
2019-01-08,23.0
2019-01-09,26.0
2019-01-10,44.0
2019-01-11,81.0
2019-01-12,63.0
2019-01-13,74.0
2019-01-14,73.0
2019-01-15,50.0
2019-01-16,44.0
2019-01-17,49.0
2019-01-18,34.0
2019-01-19,53.0
2019-01-20,64.0
2019-01-21,83.0
2019-01-22,50.0
2019-01-23,45.0
2019-01-24,43.0
2019-01-25,71.0
2019-01-26,58.0
2019-01-27,46.0
2019-01-28,57.0
2019-01-29,71.0
2019-01-30,84.0
2019-01-31,71.0
2019-02-01,41.0
2019-02-02,37.0
2019-02-03,26.0
2019-02-04,27.0
2019-02-05,24.0
2019-02-06,18.0
2019-02-07,22.0
2019-02-08,21.0
2019-02-09,16.0
2019-02-10,20.0
2019-02-11,23.0
2019-02-12,27.0
2019-02-13,58.0
2019-02-14,27.0
2019-02-15,24.0
2019-02-16,21.0
2019-02-17,17.0
2019-02-18,14.0
2019-02-19,13.0
2019-02-20,14.0
2019-02-21,18.0
2019-02-22,15.0
2019-02-23,18.0
2019-02-24,18.0
2019-02-25,20.0
2019-02-26,21.0
2019-02-27,25.0
2019-02-28,27.0
2019-03-01,25.0
2019-03-02,25.0
2019-03-03,23.0
2019-03-04,19.0
2019-03-05,25.0
2019-03-06,28.0
2019-03-07,16.0
2019-03-08,16.0
2019-03-09,15.0
2019-03-10,16.0
2019-03-11,23.0
2019-03-12,43.0
2019-03-13,23.0
2019-03-14,19.0
2019-03-15,16.0
2019-03-16,31.0
2019-03-17,27.0
2019-03-18,33.0
2019-03-19,28.0
2019-03-20,25.0
2019-03-21,25.0
2019-03-22,31.0
2019-03-23,33.0
2019-03-24,26.0
2019-03-25,22.0
2019-03-26,20.0
2019-03-27,17.0
2019-03-28,22.0
2019-03-29,21.0
2019-03-30,21.0
2019-03-31,22.0
2019-04-01,22.0
2019-04-02,25.0
2019-04-03,19.0
2019-04-04,18.0
2019-04-05,15.0
2019-04-06,20.0
2019-04-07,16.0
2019-04-08,20.0
2019-04-09,16.0
2019-04-10,17.0
2019-04-11,16.0
2019-04-12,19.0
2019-04-13,18.0
2019-04-14,12.0
2019-04-15,11.0
2019-04-16,14.0
2019-04-17,14.0
2019-04-18,18.0
2019-04-19,21.0
2019-04-20,29.0
2019-04-21,32.0
2019-04-22,20.0
2019-04-23,19.0
2019-04-24,17.0
2019-04-25,22.0
2019-04-26,26.0
2019-04-27,23.0
2019-04-28,13.0
2019-04-29,11.0
2019-04-30,15.0
2019-05-01,12.0
2019-05-02,10.0
2019-05-03,14.0
2019-05-04,12.0
2019-05-05,12.0
2019-05-06,24.0
2019-05-07,29.0
2019-05-08,32.0
2019-05-09,33.0
2019-05-10,29.0
2019-05-11,28.0
2019-05-12,28.0
2019-05-13,23.0
2019-05-14,27.0
2019-05-15,35.0
2019-05-16,26.0
2019-05-17,27.0
2019-05-18,28.0
2019-05-19,25.0
2019-05-20,21.0
2019-05-21,20.0
2019-05-22,15.0
2019-05-23,18.0
2019-05-24,19.0
2019-05-25,20.0
2019-05-26,15.0
2019-05-27,13.0
2019-05-28,16.0
2019-05-29,10.0
2019-05-30,12.0
2019-05-31,15.0
2019-06-01,14.0
2019-06-02,12.0
2019-06-03,15.0
2019-06-04,15.0
2019-06-05,15.0
2019-06-06,20.0
2019-06-07,23.0
2019-06-08,13.0
2019-06-09,14.0
2019-06-10,12.0
2019-06-11,14.0
2019-06-12,11.0
2019-06-13,11.0
2019-06-14,10.0
2019-06-15,12.0
2019-06-16,16.0
2019-06-17,10.0
2019-06-18,10.0
2019-06-19,11.0
2019-06-20,16.0
2019-06-21,18.0
2019-06-22,17.0
2019-06-23,15.0
2019-06-24,11.0
2019-06-25,15.0
2019-06-26,12.0
2019-06-27,17.0
2019-06-28,17.0
2019-06-29,12.0
2019-06-30,11.0
2019-07-01,17.0
2019-07-02,28.0
2019-07-03,21.0
2019-07-04,19.0
2019-07-05,11.0
2019-07-06,19.0
2019-07-07,17.0
2019-07-08,15.0
2019-07-09,16.0
2019-07-10,20.0
2019-07-11,16.0
2019-07-12,15.0
2019-07-13,16.0
2019-07-14,12.0
2019-07-15,13.0
2019-07-16,13.0
2019-07-17,11.0
2019-07-18,11.0
2019-07-19,11.0
2019-07-20,13.0
2019-07-21,6.0
2019-07-22,10.0
2019-07-23,15.0
2019-07-24,17.0
2019-07-25,13.0
2019-07-26,16.0
2019-07-27,11.0
2019-07-28,11.0
2019-07-29,6.0
2019-07-30,10.0
2019-07-31,13.0
2019-08-01,11.0
2019-08-02,11.0
2019-08-03,10.0
2019-08-04,7.0
2019-08-05,8.0
2019-08-06,12.0
2019-08-07,14.0
2019-08-08,11.0
2019-08-09,13.0
2019-08-10,6.0
2019-08-11,6.0
2019-08-12,6.0
2019-08-13,9.0
2019-08-14,17.0
2019-08-15,14.0
2019-08-16,17.0
2019-08-17,9.0
2019-08-18,7.0
2019-08-19,12.0
2019-08-20,12.0
2019-08-21,8.0
2019-08-22,11.0
2019-08-23,11.0
2019-08-24,12.0
2019-08-25,9.0
2019-08-26,8.0
2019-08-27,11.0
2019-08-28,11.0
2019-08-29,10.0
2019-08-30,12.0
2019-08-31,7.0
2019-09-01,7.0
2019-09-02,11.0
2019-09-03,12.0
2019-09-04,13.0
2019-09-05,16.0
2019-09-06,18.0
2019-09-07,18.0
2019-09-08,12.0
2019-09-09,13.0
2019-09-10,14.0
2019-09-11,16.0
2019-09-12,15.0
2019-09-13,10.0
2019-09-14,11.0
2019-09-15,15.0
2019-09-16,15.0
2019-09-17,19.0
2019-09-18,17.0
2019-09-19,17.0
2019-09-20,21.0
2019-09-21,16.0
2019-09-22,22.0
2019-09-23,16.0
2019-09-24,22.0
2019-09-25,36.0
2019-09-26,40.0
2019-09-27,32.0
2019-09-28,47.0
2019-09-29,49.0
2019-09-30,69.0
2019-10-01,33.0
2019-10-02,20.0
2019-10-03,17.0
2019-10-04,23.0
2019-10-05,26.0
2019-10-06,28.0
2019-10-07,19.0
2019-10-08,21.0
2019-10-09,23.0
2019-10-10,34.0
2019-10-11,32.0
2019-10-12,25.0
2019-10-13,24.0
2019-10-14,16.0
2019-10-15,20.0
2019-10-16,19.0
2019-10-17,19.0
2019-10-18,20.0
2019-10-19,21.0
2019-10-20,22.0
2019-10-21,29.0
2019-10-22,55.0
2019-10-23,28.0
2019-10-24,21.0
2019-10-25,24.0
2019-10-26,26.0
2019-10-27,17.0
2019-10-28,21.0
2019-10-29,23.0
2019-10-30,20.0
2019-10-31,25.0
2019-11-01,13.0
2019-11-02,24.0
2019-11-03,28.0
2019-11-04,31.0
2019-11-05,48.0
2019-11-06,48.0
2019-11-07,43.0
2019-11-08,38.0
2019-11-09,40.0
2019-11-10,42.0
2019-11-11,51.0
2019-11-12,49.0
2019-11-13,36.0
2019-11-14,21.0
2019-11-15,31.0
2019-11-16,43.0
2019-11-17,35.0
2019-11-18,34.0
2019-11-19,29.0
2019-11-20,18.0
2019-11-21,22.0
2019-11-22,27.0
2019-11-23,35.0
2019-11-24,31.0
2019-11-25,35.0
2019-11-26,25.0
2019-11-27,26.0
2019-11-28,17.0
2019-11-29,19.0
2019-11-30,21.0
2019-12-01,24.0
2019-12-02,17.0
2019-12-03,24.0
2019-12-04,29.0
2019-12-05,32.0
2019-12-06,37.0
2019-12-07,33.0
2019-12-08,45.0
2019-12-09,48.0
2019-12-10,55.0
2019-12-11,73.0
2019-12-12,48.0
2019-12-13,54.0
2019-12-14,46.0
2019-12-15,50.0
2019-12-16,40.0
2019-12-17,37.0
2019-12-18,35.0
2019-12-19,42.0
2019-12-20,42.0
2019-12-21,38.0
2019-12-22,31.0
2019-12-23,28.0
2019-12-24,29.0
2019-12-25,30.0
2019-12-26,29.0
2019-12-27,35.0
2019-12-28,35.0
2019-12-29,43.0
2019-12-30,40.0
2019-12-31,40.0
2020-01-01,21.0
2020-01-02,27.0
2020-01-03,33.0
2020-01-04,39.0
2020-01-05,45.0
2020-01-06,52.0
2020-01-07,53.0
2020-01-08,55.0
2020-01-09,63.0
2020-01-10,101.0
2020-01-11,49.0
2020-01-12,39.0
2020-01-13,39.0
2020-01-14,34.0
2020-01-15,36.0
2020-01-16,38.0
2020-01-17,45.0
2020-01-18,54.0
2020-01-19,55.0
2020-01-20,64.0
2020-01-21,45.0
2020-01-22,39.0
2020-01-23,34.0
2020-01-24,22.0
2020-01-25,17.0
2020-01-26,15.0
2020-01-27,23.0
2020-01-28,33.0
2020-01-29,31.0
2020-01-30,33.0
2020-01-31,42.0
2020-02-01,60.0
2020-02-02,57.0
2020-02-03,49.0
2020-02-04,41.0
2020-02-05,29.0
2020-02-06,23.0
2020-02-07,28.0
2020-02-08,35.0
2020-02-09,43.0
2020-02-10,42.0
2020-02-11,49.0
2020-02-12,34.0
2020-02-13,12.0
2020-02-14,11.0
2020-02-15,22.0
2020-02-16,13.0
2020-02-17,16.0
2020-02-18,36.0
2020-02-19,49.0
2020-02-20,59.0
2020-02-21,49.0
2020-02-22,50.0
2020-02-23,52.0
2020-02-24,62.0
2020-02-25,60.0
2020-02-26,41.0
2020-02-27,47.0
2020-02-28,24.0
2020-02-29,22.0
2020-03-01,23.0
2020-03-02,24.0
2020-03-03,18.0
2020-03-04,10.0
2020-03-05,12.0
2020-03-06,14.0
2020-03-07,13.0
2020-03-08,20.0
2020-03-09,35.0
2020-03-10,27.0
2020-03-11,31.0
2020-03-12,23.0
2020-03-13,18.0
2020-03-14,15.0
2020-03-15,20.0
2020-03-16,32.0
2020-03-17,19.0
2020-03-18,18.0
2020-03-19,18.0
2020-03-20,16.0
2020-03-21,19.0
2020-03-22,15.0
2020-03-23,13.0
2020-03-24,13.0
2020-03-25,15.0
2020-03-26,11.0
2020-03-27,11.0
2020-03-28,20.0
2020-03-29,19.0
2020-03-30,18.0
2020-03-31,26.0
2020-04-01,16.0
2020-04-02,14.0
2020-04-03,11.0
2020-04-04,13.0
2020-04-05,13.0
2020-04-06,12.0
2020-04-07,15.0
2020-04-08,13.0
2020-04-09,14.0
2020-04-10,15.0
2020-04-11,14.0
2020-04-12,14.0
2020-04-13,24.0
2020-04-14,34.0
2020-04-15,29.0
2020-04-16,13.0
2020-04-17,12.0
2020-04-18,9.0
2020-04-19,11.0
2020-04-20,12.0
2020-04-21,10.0
2020-04-22,15.0
2020-04-23,16.0
2020-04-24,16.0
2020-04-25,22.0
2020-04-26,30.0
2020-04-27,35.0
2020-04-28,28.0
2020-04-29,31.0
2020-04-30,21.0
2020-05-01,15.0
2020-05-02,14.0
2020-05-03,11.0
2020-05-04,16.0
2020-05-05,19.0
2020-05-06,14.0
2020-05-07,10.0
2020-05-08,8.0
2020-05-09,6.0
2020-05-10,6.0
2020-05-11,10.0
2020-05-12,20.0
2020-05-13,10.0
2020-05-14,10.0
2020-05-15,9.0
2020-05-16,10.0
2020-05-17,11.0
2020-05-18,11.0
2020-05-19,9.0
2020-05-20,12.0
2020-05-21,14.0
2020-05-22,21.0
2020-05-23,23.0
2020-05-24,20.0
2020-05-25,20.0
2020-05-26,21.0
2020-05-27,9.0
2020-05-28,9.0
2020-05-29,10.0
2020-05-30,9.0
2020-05-31,9.0
2020-06-01,11.0
2020-06-02,8.0
2020-06-03,10.0
2020-06-04,9.0
2020-06-05,8.0
2020-06-06,5.0
2020-06-07,5.0
2020-06-08,10.0
2020-06-09,11.0
2020-06-10,11.0
2020-06-11,17.0
2020-06-12,12.0
2020-06-13,13.0
2020-06-14,14.0
2020-06-15,11.0
2020-06-16,13.0
2020-06-17,13.0
2020-06-18,17.0
2020-06-19,16.0
2020-06-20,15.0
2020-06-21,14.0
2020-06-22,17.0
2020-06-23,18.0
2020-06-24,18.0
2020-06-25,15.0
2020-06-26,14.0
2020-06-27,13.0
2020-06-28,13.0
2020-06-29,12.0
2020-06-30,16.0
2020-07-01,13.0
2020-07-02,14.0
2020-07-03,16.0
2020-07-04,19.0
2020-07-05,15.0
2020-07-06,12.0
2020-07-07,15.0
2020-07-08,12.0
2020-07-09,15.0
2020-07-10,14.0
2020-07-11,14.0
2020-07-12,15.0
2020-07-13,10.0
2020-07-14,15.0
2020-07-15,15.0
2020-07-16,14.0
2020-07-17,15.0
2020-07-18,16.0
2020-07-19,11.0
2020-07-20,21.0
2020-07-21,16.0
2020-07-22,19.0
2020-07-23,13.0
2020-07-24,17.0
2020-07-25,17.0
2020-07-26,15.0
2020-07-27,9.0
2020-07-28,13.0
2020-07-29,13.0
2020-07-30,13.0
2020-07-31,10.0
2020-08-01,11.0
2020-08-02,9.0
2020-08-03,8.0
2020-08-04,11.0
2020-08-05,13.0
2020-08-06,17.0
2020-08-07,19.0
2020-08-08,15.0
2020-08-09,10.0
2020-08-10,11.0
2020-08-11,11.0
2020-08-12,12.0
2020-08-13,15.0
2020-08-14,19.0
2020-08-15,20.0
2020-08-16,14.0
2020-08-17,19.0
2020-08-18,20.0
2020-08-19,20.0
2020-08-20,24.0
2020-08-21,18.0
2020-08-22,16.0
2020-08-23,16.0
2020-08-24,18.0
2020-08-25,18.0
2020-08-26,15.0
2020-08-27,14.0
2020-08-28,17.0
2020-08-29,17.0
2020-08-30,20.0
2020-08-31,15.0
2020-09-01,15.0
2020-09-02,23.0
2020-09-03,19.0
2020-09-04,16.0
2020-09-05,14.0
2020-09-06,12.0
2020-09-07,13.0
2020-09-08,15.0
2020-09-09,20.0
2020-09-10,17.0
2020-09-11,10.0
2020-09-12,11.0
2020-09-13,10.0
2020-09-14,11.0
2020-09-15,15.0
2020-09-16,13.0
2020-09-17,15.0
2020-09-18,17.0
2020-09-19,10.0
2020-09-20,10.0
2020-09-21,18.0
2020-09-22,25.0
2020-09-23,31.0
2020-09-24,14.0
2020-09-25,14.0
2020-09-26,13.0
2020-09-27,12.0
2020-09-28,15.0
2020-09-29,13.0
2020-09-30,18.0
2020-10-01,16.0
2020-10-02,15.0
2020-10-03,
2020-10-04,
2020-10-05,
2020-10-06,
2020-10-07,20.0
2020-10-08,15.0
2020-10-09,15.0
2020-10-10,16.0
2020-10-11,18.0
2020-10-12,27.0
2020-10-13,21.0
2020-10-14,22.0
2020-10-15,17.0
2020-10-16,15.0
2020-10-17,11.0
2020-10-18,12.0
2020-10-19,18.0
2020-10-20,17.0
2020-10-21,17.0
2020-10-22,23.0
2020-10-23,28.0
2020-10-24,33.0
2020-10-25,40.0
2020-10-26,47.0
2020-10-27,30.0
2020-10-28,29.0
2020-10-29,20.0
2020-10-30,17.0
2020-10-31,21.0
2020-11-01,17.0
2020-11-02,24.0
2020-11-03,22.0
2020-11-04,31.0
2020-11-05,27.0
2020-11-06,31.0
2020-11-07,19.0
2020-11-08,39.0
2020-11-09,34.0
2020-11-10,34.0
2020-11-11,29.0
2020-11-12,27.0
2020-11-13,35.0
2020-11-14,41.0
2020-11-15,50.0
2020-11-16,24.0
2020-11-17,34.0
2020-11-18,38.0
2020-11-19,46.0
2020-11-20,39.0
2020-11-21,25.0
2020-11-22,24.0
2020-11-23,35.0
2020-11-24,21.0
2020-11-25,22.0
2020-11-26,19.0
2020-11-27,15.0
2020-11-28,23.0
2020-11-29,21.0
2020-11-30,19.0
2020-12-01,19.0
2020-12-02,19.0
2020-12-03,18.0
2020-12-04,25.0
2020-12-05,25.0
2020-12-06,33.0
2020-12-07,38.0
2020-12-08,35.0
2020-12-09,37.0
2020-12-10,50.0
2020-12-11,57.0
2020-12-12,52.0
2020-12-13,58.0
2020-12-14,65.0
2020-12-15,67.0
2020-12-16,45.0
2020-12-17,40.0
2020-12-18,30.0
2020-12-19,22.0
2020-12-20,24.0
2020-12-21,26.0
2020-12-22,37.0
2020-12-23,47.0
2020-12-24,46.0
2020-12-25,39.0
2020-12-26,41.0
2020-12-27,40.0
2020-12-28,23.0
2020-12-29,31.0
2020-12-30,30.0
2020-12-31,21.0
2021-01-01,26.0
2021-01-02,32.0
2021-01-03,44.0
2021-01-04,37.0
2021-01-05,48.0
2021-01-06,53.0
2021-01-07,36.0
2021-01-08,22.0
2021-01-09,21.0
2021-01-10,29.0
2021-01-11,32.0
2021-01-12,31.0
2021-01-13,52.0
2021-01-14,74.0
2021-01-15,81.0
2021-01-16,63.0
2021-01-17,43.0
2021-01-18,31.0
2021-01-19,51.0
2021-01-20,69.0
2021-01-21,76.0
2021-01-22,101.0
2021-01-23,67.0
2021-01-24,32.0
2021-01-25,24.0
2021-01-26,29.0
2021-01-27,33.0
2021-01-28,37.0
2021-01-29,41.0
2021-01-30,42.0
2021-01-31,43.0
2021-02-01,68.0
2021-02-02,57.0
2021-02-03,59.0
2021-02-04,49.0
2021-02-05,52.0
2021-02-06,50.0
2021-02-07,55.0
2021-02-08,31.0
2021-02-09,42.0
2021-02-10,40.0
2021-02-11,33.0
2021-02-12,40.0
2021-02-13,34.0
2021-02-14,29.0
2021-02-15,27.0
2021-02-16,28.0
2021-02-17,33.0
2021-02-18,47.0
2021-02-19,38.0
2021-02-20,42.0
2021-02-21,59.0
2021-02-22,47.0
2021-02-23,39.0
2021-02-24,40.0
2021-02-25,49.0
2021-02-26,53.0
2021-02-27,52.0
2021-02-28,45.0
2021-03-01,27.0
2021-03-02,18.0
2021-03-03,15.0
2021-03-04,19.0
2021-03-05,20.0
2021-03-06,21.0
2021-03-07,19.0
2021-03-08,25.0
2021-03-09,24.0
2021-03-10,29.0
2021-03-11,31.0
2021-03-12,29.0
2021-03-13,27.0
2021-03-14,26.0
2021-03-15,25.0
2021-03-16,30.0
2021-03-17,31.0
2021-03-18,39.0
2021-03-19,34.0
2021-03-20,34.0
2021-03-21,26.0
2021-03-22,52.0
2021-03-23,42.0
2021-03-24,49.0
2021-03-25,38.0
2021-03-26,21.0
2021-03-27,17.0
2021-03-28,20.0
2021-03-29,20.0
2021-03-30,21.0
2021-03-31,27.0
2021-04-01,23.0
2021-04-02,10.0
2021-04-03,15.0
2021-04-04,18.0
2021-04-05,35.0
2021-04-06,31.0
2021-04-07,29.0
2021-04-08,32.0
2021-04-09,23.0
2021-04-10,27.0
2021-04-11,28.0
2021-04-12,30.0
2021-04-13,22.0
2021-04-14,17.0
2021-04-15,24.0
2021-04-16,20.0
2021-04-17,18.0
2021-04-18,16.0
2021-04-19,14.0
2021-04-20,15.0
2021-04-21,17.0
2021-04-22,28.0
2021-04-23,23.0
2021-04-24,24.0
2021-04-25,24.0
2021-04-26,28.0
2021-04-27,20.0
2021-04-28,29.0
2021-04-29,19.0
2021-04-30,18.0
2021-05-01,18.0
2021-05-02,22.0
2021-05-03,27.0
2021-05-04,25.0
2021-05-05,28.0
2021-05-06,19.0
2021-05-07,17.0
2021-05-08,27.0
2021-05-09,21.0
2021-05-10,19.0
2021-05-11,17.0
2021-05-12,15.0
2021-05-13,12.0
2021-05-14,14.0
2021-05-15,16.0
2021-05-16,11.0
2021-05-17,15.0
2021-05-18,11.0
2021-05-19,15.0
2021-05-20,14.0
2021-05-21,12.0
2021-05-22,13.0
2021-05-23,13.0
2021-05-24,12.0
2021-05-25,15.0
2021-05-26,17.0
2021-05-27,20.0
2021-05-28,16.0
2021-05-29,12.0
2021-05-30,10.0
2021-05-31,14.0
2021-06-01,15.0
2021-06-02,15.0
2021-06-03,14.0
2021-06-04,15.0
2021-06-05,14.0
2021-06-06,14.0
2021-06-07,13.0
2021-06-08,14.0
2021-06-09,12.0
2021-06-10,13.0
2021-06-11,18.0
2021-06-12,20.0
2021-06-13,20.0
2021-06-14,13.0
2021-06-15,14.0
2021-06-16,12.0
2021-06-17,15.0
2021-06-18,16.0
2021-06-19,15.0
2021-06-20,15.0
2021-06-21,23.0
2021-06-22,27.0
2021-06-23,21.0
2021-06-24,14.0
2021-06-25,20.0
2021-06-26,16.0
2021-06-27,11.0
2021-06-28,17.0
2021-06-30,20.0
2021-06-30,16.0
2021-07-01,13.0
2021-07-02,18.0
2021-07-03,12.0
2021-07-04,12.0
2021-07-05,11.0
2021-07-06,13.0
2021-07-07,14.0
2021-07-08,12.0
2021-07-09,13.0
2021-07-10,13.0
2021-07-11,10.0
2021-07-12,10.0
2021-07-13,17.0
2021-07-14,22.0
2021-07-15,17.0
2021-07-16,15.0
2021-07-17,16.0
2021-07-18,11.0
2021-07-19,9.0
2021-07-20,9.0
2021-07-21,9.0
2021-07-22,15.0
2021-07-23,15.0
2021-07-24,17.0
2021-07-25,13.0
2021-07-26,14.0
2021-07-27,11.0
2021-07-28,10.0
2021-07-29,13.0
2021-07-30,17.0
2021-07-31,20.0
2021-08-01,15.0
2021-08-02,15.0
2021-08-03,13.0
2021-08-04,15.0
2021-08-05,15.0
2021-08-06,14.0
2021-08-07,12.0
2021-08-08,16.0
2021-08-09,15.0
2021-08-10,14.0
2021-08-11,10.0
2021-08-12,9.0
2021-08-13,10.0
2021-08-14,16.0
2021-08-15,10.0
2021-08-16,9.0
2021-08-17,19.0
2021-08-18,14.0
2021-08-19,15.0
2021-08-20,19.0
2021-08-21,14.0
2021-08-22,15.0
2021-08-23,13.0
2021-08-24,12.0
2021-08-25,16.0
2021-08-26,11.0
2021-08-27,17.0
2021-08-28,13.0
2021-08-29,9.0
2021-08-30,14.0
2021-08-31,14.0
2021-09-01,22.0
2021-09-02,16.0
2021-09-03,12.0
2021-09-04,14.0
2021-09-05,17.0
2021-09-06,17.0
2021-09-07,19.0
2021-09-08,13.0
2021-09-09,14.0
2021-09-10,12.0
2021-09-11,15.0
2021-09-12,14.0
2021-09-13,13.0
2021-09-14,16.0
2021-09-15,14.0
2021-09-16,12.0
2021-09-17,13.0
2021-09-18,17.0
2021-09-19,16.0
2021-09-20,19.0
2021-09-21,13.0
2021-09-22,11.0
2021-09-23,14.0
2021-09-24,14.0
2021-09-25,17.0
2021-09-26,13.0
2021-09-27,16.0
2021-09-28,21.0
2021-09-29,42.0
2021-09-30,25.0
2021-10-01,15.0
2021-10-02,15.0
2021-10-03,20.0
2021-10-04,24.0
2021-10-05,26.0
2021-10-06,18.0
2021-10-07,23.0
2021-10-08,40.0
2021-10-09,14.0
2021-10-10,14.0
2021-10-11,12.0
2021-10-12,13.0
2021-10-13,11.0
2021-10-14,15.0
2021-10-15,16.0
2021-10-16,16.0
2021-10-17,11.0
2021-10-18,14.0
2021-10-19,23.0
2021-10-20,29.0
2021-10-21,33.0
2021-10-22,25.0
2021-10-23,18.0
2021-10-24,16.0
2021-10-25,19.0
2021-10-26,24.0
2021-10-27,28.0
2021-10-28,27.0
2021-10-29,22.0
2021-10-30,29.0
2021-10-31,18.0
2021-11-01,21.0
2021-11-02,22.0
2021-11-03,21.0
2021-11-04,30.0
2021-11-05,26.0
2021-11-06,32.0
2021-11-07,29.0
2021-11-08,22.0
2021-11-09,17.0
2021-11-10,23.0
2021-11-11,28.0
2021-11-12,28.0
2021-11-13,26.0
2021-11-14,29.0
2021-11-15,29.0
2021-11-16,23.0
2021-11-17,15.0
2021-11-18,18.0
2021-11-19,30.0
2021-11-20,32.0
2021-11-21,27.0
2021-11-22,30.0
2021-11-23,17.0
2021-11-24,17.0
2021-11-25,26.0
2021-11-26,28.0
2021-11-27,26.0
2021-11-28,31.0
2021-11-29,27.0
2021-11-30,30.0
2021-12-01,35.0
2021-12-02,35.0
2021-12-03,35.0
2021-12-04,34.0
2021-12-05,37.0
2021-12-06,39.0
2021-12-07,47.0
2021-12-08,47.0
2021-12-09,33.0
2021-12-10,35.0
2021-12-11,37.0
2021-12-12,28.0
2021-12-13,28.0
2021-12-14,43.0
2021-12-15,45.0
2021-12-16,51.0
2021-12-17,40.0
2021-12-18,28.0
2021-12-19,27.0
2021-12-20,46.0
2021-12-21,63.0
2021-12-22,68.0
2021-12-23,68.0
2021-12-24,53.0
2021-12-25,26.0
2021-12-26,26.0
2021-12-27,37.0
2021-12-28,19.0
2021-12-29,19.0
2021-12-30,23.0
2021-12-31,23.0
2022-01-01,23.0
2022-01-02,25.0
2022-01-03,28.0
2022-01-04,35.0
2022-01-05,45.0
2022-01-06,45.0
2022-01-07,50.0
2022-01-08,37.0
2022-01-09,45.0
2022-01-10,46.0
2022-01-11,34.0
2022-01-12,29.0
2022-01-13,29.0
2022-01-14,25.0
2022-01-15,29.0
2022-01-16,32.0
2022-01-17,43.0
2022-01-18,38.0
2022-01-19,24.0
2022-01-20,29.0
2022-01-21,16.0
2022-01-22,14.0
2022-01-23,15.0
2022-01-24,20.0
2022-01-25,24.0
2022-01-26,20.0
2022-01-27,28.0
2022-01-28,24.0
2022-01-29,24.0
2022-01-30,22.0
2022-01-31,20.0
2022-02-01,16.0
2022-02-02,13.0
2022-02-03,14.0
2022-02-04,20.0
2022-02-05,29.0
2022-02-06,39.0
2022-02-07,55.0
2022-02-08,51.0
2022-02-09,26.0
2022-02-10,20.0
2022-02-11,21.0
2022-02-12,33.0
2022-02-13,27.0
2022-02-14,19.0
2022-02-15,30.0
2022-02-16,48.0
2022-02-17,40.0
2022-02-18,17.0
2022-02-19,11.0
2022-02-20,9.0
2022-02-21,17.0
2022-02-22,27.0
2022-02-23,40.0
2022-02-24,33.0
2022-02-25,39.0
2022-02-26,41.0
2022-02-27,47.0
2022-02-28,57.0
2022-03-01,29.0
2022-03-02,20.0
2022-03-03,17.0
2022-03-04,22.0
2022-03-05,24.0
2022-03-06,22.0
2022-03-07,17.0
2022-03-08,29.0
2022-03-09,50.0
2022-03-10,25.0
2022-03-11,22.0
2022-03-12,25.0
2022-03-13,25.0
2022-03-14,24.0
2022-03-15,16.0
2022-03-16,14.0
2022-03-17,16.0
2022-03-18,23.0
2022-03-19,27.0
2022-03-20,24.0
2022-03-21,14.0
2022-03-22,13.0
2022-03-23,19.0
2022-03-24,16.0
2022-03-25,17.0
2022-03-26,13.0
2022-03-27,14.0
2022-03-28,18.0
2022-03-29,15.0
2022-03-30,17.0
2022-03-31,25.0
2022-04-01,25.0
2022-04-02,11.0
2022-04-03,15.0
2022-04-04,26.0
2022-04-05,34.0
2022-04-06,50.0
2022-04-07,
2022-04-08,
2022-04-09,85.0
2022-04-10,59.0
2022-04-11,43.0
2022-04-12,45.0
2022-04-13,35.0
2022-04-14,32.0
2022-04-15,33.0
2022-04-16,32.0
2022-04-17,29.0
2022-04-18,26.0
2022-04-19,27.0
2022-04-20,48.0
2022-04-21,27.0
2022-04-22,16.0
2022-04-23,13.0
2022-04-24,17.0
2022-04-25,14.0
2022-04-26,14.0
2022-04-27,21.0
2022-04-28,17.0
2022-04-29,16.0
2022-04-30,36.0
2022-05-01,25.0
2022-05-02,15.0
2022-05-03,13.0
2022-05-04,20.0
2022-05-05,22.0
2022-05-06,29.0
2022-05-07,23.0
2022-05-08,22.0
2022-05-09,21.0
2022-05-10,13.0
2022-05-11,10.0
2022-05-12,20.0
2022-05-13,20.0
2022-05-14,24.0
2022-05-15,23.0
2022-05-16,18.0
2022-05-17,14.0
2022-05-18,18.0
2022-05-19,12.0
2022-05-20,7.0
2022-05-21,8.0
2022-05-22,11.0
2022-05-23,13.0
2022-05-24,13.0
2022-05-25,16.0
2022-05-26,17.0
2022-05-27,19.0
2022-05-28,19.0
2022-05-29,27.0
2022-05-30,20.0
2022-05-31,21.0
2022-06-01,26.0
2022-06-02,16.0
2022-06-03,10.0
2022-06-04,8.0
2022-06-05,10.0
2022-06-06,10.0
2022-06-07,12.0
2022-06-08,13.0
2022-06-09,11.0
2022-06-10,14.0
2022-06-11,13.0
2022-06-12,14.0
2022-06-13,17.0
2022-06-14,18.0
2022-06-15,13.0
2022-06-16,10.0
2022-06-17,15.0
2022-06-18,10.0
2022-06-19,10.0
2022-06-20,10.0
2022-06-21,12.0
2022-06-22,15.0
2022-06-23,11.0
2022-06-24,11.0
2022-06-25,11.0
2022-06-26,9.0
2022-06-27,12.0
2022-06-28,14.0
2022-06-29,14.0
2022-06-30,12.0
2022-07-01,10.0
2022-07-02,12.0
2022-07-03,10.0
2022-07-04,7.0
2022-07-05,10.0
2022-07-06,12.0
2022-07-07,12.0
2022-07-08,12.0
2022-07-09,12.0
2022-07-10,10.0
2022-07-11,11.0
2022-07-12,15.0
2022-07-13,12.0
2022-07-14,14.0
2022-07-15,21.0
2022-07-16,14.0
2022-07-17,11.0
2022-07-18,12.0
2022-07-19,12.0
2022-07-20,11.0
2022-07-21,10.0
2022-07-22,11.0
2022-07-23,10.0
2022-07-24,12.0
2022-07-25,14.0
2022-07-26,14.0
2022-07-27,13.0
2022-07-28,10.0
2022-07-29,8.0
2022-07-30,12.0
2022-07-31,13.0
2022-08-01,14.0
2022-08-02,11.0
2022-08-03,8.0
2022-08-04,15.0
2022-08-05,12.0
2022-08-06,13.0
2022-08-07,7.0
2022-08-08,10.0
2022-08-09,15.0
2022-08-10,12.0
2022-08-11,13.0
2022-08-12,13.0
2022-08-13,11.0
2022-08-14,13.0
2022-08-15,12.0
2022-08-16,12.0
2022-08-17,14.0
2022-08-18,12.0
2022-08-19,15.0
2022-08-20,14.0
2022-08-21,13.0
2022-08-22,13.0
2022-08-23,16.0
2022-08-24,13.0
2022-08-25,12.0
2022-08-26,11.0
2022-08-27,11.0
2022-08-28,11.0
2022-08-29,21.0
2022-08-30,25.0
2022-08-31,20.0
2022-09-01,25.0
2022-09-02,26.0
2022-09-03,14.0
2022-09-04,10.0
2022-09-05,12.0
2022-09-06,12.0
2022-09-07,12.0
2022-09-08,14.0
2022-09-09,15.0
2022-09-10,10.0
2022-09-11,12.0
2022-09-12,15.0
2022-09-13,20.0
2022-09-14,17.0
2022-09-15,15.0
2022-09-16,11.0
2022-09-17,11.0
2022-09-18,13.0
2022-09-19,11.0
2022-09-20,14.0
2022-09-21,14.0
2022-09-22,16.0
2022-09-23,22.0
2022-09-24,17.0
2022-09-25,15.0
2022-09-26,18.0
2022-09-27,18.0
2022-09-28,13.0
2022-09-29,13.0
2022-09-30,10.0
2022-10-01,10.0
2022-10-02,16.0
2022-10-03,15.0
2022-10-04,16.0
2022-10-05,
2022-10-06,
2022-10-07,13.0
2022-10-08,12.0
2022-10-09,9.0
2022-10-10,11.0
2022-10-11,18.0
2022-10-12,29.0
2022-10-13,27.0
2022-10-14,30.0
2022-10-15,28.0
2022-10-16,24.0
2022-10-17,32.0
2022-10-18,39.0
2022-10-19,40.0
2022-10-20,37.0
2022-10-21,25.0
2022-10-22,31.0
2022-10-23,23.0
2022-10-24,41.0
2022-10-25,43.0
2022-10-26,26.0
2022-10-27,14.0
2022-10-28,15.0
2022-10-29,16.0
2022-10-30,27.0
2022-10-31,35.0
2022-11-01,30.0
2022-11-02,25.0
2022-11-03,27.0
2022-11-04,22.0
2022-11-05,30.0
2022-11-06,31.0
2022-11-07,36.0
2022-11-08,36.0
2022-11-09,35.0
2022-11-10,32.0
2022-11-11,29.0
2022-11-12,27.0
2022-11-13,26.0
2022-11-14,14.0
2022-11-15,15.0
2022-11-16,21.0
2022-11-17,25.0
2022-11-18,20.0
2022-11-19,25.0
2022-11-20,19.0
2022-11-21,18.0
2022-11-22,29.0
2022-11-23,30.0
2022-11-24,21.0
2022-11-25,13.0
2022-11-26,14.0
2022-11-27,19.0
2022-11-28,15.0
2022-11-29,24.0
2022-11-30,30.0
2022-12-01,19.0
2022-12-02,19.0
2022-12-03,17.0
2022-12-04,15.0
2022-12-05,16.0
2022-12-06,9.0
2022-12-07,15.0
2022-12-08,24.0
2022-12-09,24.0
2022-12-10,34.0
2022-12-11,26.0
2022-12-12,25.0
2022-12-13,28.0
2022-12-14,38.0
2022-12-15,38.0
2022-12-16,46.0
2022-12-17,38.0
2022-12-18,22.0
2022-12-19,28.0
2022-12-20,37.0
2022-12-21,44.0
2022-12-22,48.0
2022-12-23,40.0
2022-12-24,32.0
2022-12-25,25.0
2022-12-26,30.0
2022-12-27,38.0
2022-12-28,47.0
2022-12-29,41.0
2022-12-30,25.0
2022-12-31,28.0
2023-01-01,28.0
2023-01-02,32.0
2023-01-03,31.0
2023-01-04,24.0
2023-01-05,26.0
2023-01-06,18.0
2023-01-07,22.0
2023-01-08,42.0
2023-01-09,45.0
2023-01-10,35.0
2023-01-11,18.0
2023-01-12,26.0
2023-01-13,21.0
2023-01-14,21.0
2023-01-15,24.0
2023-01-16,25.0
2023-01-17,34.0
2023-01-18,29.0
2023-01-19,27.0
2023-01-20,30.0
2023-01-21,37.0
2023-01-22,48.0
2023-01-23,56.0
2023-01-24,50.0
2023-01-25,28.0
2023-01-26,53.0
2023-01-27,53.0
2023-01-28,24.0
2023-01-29,33.0
2023-01-30,42.0
2023-01-31,74.0
2023-02-01,86.0
2023-02-02,98.0
2023-02-03,37.0
2023-02-04,25.0
2023-02-05,21.0
2023-02-06,19.0
2023-02-07,18.0
2023-02-08,18.0
2023-02-09,17.0
2023-02-10,15.0
2023-02-11,15.0
2023-02-12,18.0
2023-02-13,20.0
2023-02-14,22.0
2023-02-15,35.0
2023-02-16,29.0
2023-02-17,35.0
2023-02-18,47.0
2023-02-19,55.0
2023-02-20,42.0
2023-02-21,38.0
2023-02-22,46.0
2023-02-23,54.0
2023-02-24,64.0
2023-02-25,44.0
2023-02-26,36.0
2023-02-27,45.0
2023-02-28,58.0
2023-03-01,60.0
2023-03-02,57.0
2023-03-03,44.0
2023-03-04,56.0
2023-03-05,54.0
2023-03-06,61.0
2023-03-07,82.0
2023-03-08,69.0
2023-03-09,50.0
2023-03-10,51.0
2023-03-11,40.0
2023-03-12,35.0
2023-03-13,47.0
2023-03-14,51.0
2023-03-15,46.0
2023-03-16,30.0
2023-03-17,28.0
2023-03-18,24.0
2023-03-19,24.0
2023-03-20,26.0
2023-03-21,25.0
2023-03-22,25.0
2023-03-23,20.0
2023-03-24,22.0
2023-03-25,22.0
2023-03-26,21.0
2023-03-27,22.0
2023-03-28,17.0
2023-03-29,14.0
2023-03-30,16.0
2023-03-31,19.0
2023-04-01,23.0
2023-04-02,26.0
2023-04-03,37.0
2023-04-04,47.0
2023-04-05,49.0
2023-04-06,47.0
2023-04-07,27.0
2023-04-08,21.0
2023-04-09,20.0
2023-04-10,19.0
2023-04-11,34.0
2023-04-12,37.0
2023-04-13,44.0
2023-04-14,51.0
2023-04-15,59.0
2023-04-16,56.0
2023-04-17,52.0
2023-04-18,46.0
2023-04-19,49.0
2023-04-20,49.0
2023-04-21,59.0
2023-04-22,54.0
2023-04-23,37.0
2023-04-24,26.0
2023-04-25,23.0
2023-04-26,23.0
2023-04-27,37.0
2023-04-28,26.0
2023-04-29,27.0
2023-04-30,21.0
2023-05-01,30.0
2023-05-02,22.0
2023-05-03,19.0
2023-05-04,15.0
2023-05-05,19.0
2023-05-06,22.0
2023-05-07,21.0
2023-05-08,21.0
2023-05-09,22.0
2023-05-10,19.0
2023-05-11,20.0
2023-05-12,15.0
2023-05-13,16.0
2023-05-14,17.0
2023-05-15,27.0
2023-05-16,34.0
2023-05-17,31.0
2023-05-18,28.0
2023-05-19,28.0
2023-05-20,28.0
2023-05-21,30.0
2023-05-22,26.0
2023-05-23,27.0
2023-05-24,27.0
2023-05-25,26.0
2023-05-26,29.0
2023-05-27,28.0
2023-05-28,24.0
2023-05-29,20.0
2023-05-30,18.0
2023-05-31,21.0
2023-06-01,24.4
2023-06-02,24.2
2023-06-03,20.3
2023-06-04,12.3
2023-06-05,15.6
2023-06-06,21.1
2023-06-07,16.3
2023-06-08,16.3
2023-06-09,12.6
2023-06-10,13.0
2023-06-11,13.4
2023-06-12,13.6
2023-06-13,13.3
2023-06-14,12.0
2023-06-15,11.1
2023-06-16,11.4
2023-06-17,10.5
2023-06-18,13.4
2023-06-19,12.1
2023-06-20,14.3
2023-06-21,15.6
2023-06-22,18.6
2023-06-23,15.6
2023-06-24,10.2
2023-06-25,9.2
2023-06-26,11.6
2023-06-27,10.2
2023-06-28,16.8
2023-06-29,17.4
2023-06-30,13.0
2023-07-01,9.6
2023-07-02,6.0
2023-07-03,10.5
2023-07-04,17.3
2023-07-05,19.4
2023-07-06,14.6
2023-07-07,13.9
2023-07-08,12.0
2023-07-09,14.6
2023-07-10,11.1
2023-07-11,10.6
2023-07-12,15.0
2023-07-13,12.9
2023-07-14,13.4
2023-07-15,17.4
2023-07-16,16.9
2023-07-17,8.0
2023-07-18,11.6
2023-07-19,15.2
2023-07-20,19.5
2023-07-21,19.6
2023-07-22,15.1
2023-07-23,11.9
2023-07-24,14.8
2023-07-25,15.6
2023-07-26,14.8
2023-07-27,11.7
2023-07-28,10.6
2023-07-29,13.7
2023-07-30,12.9
2023-07-31,12.7
2023-08-01,13.7
2023-08-02,17.6
2023-08-03,21.0
2023-08-04,17.4
2023-08-05,17.0
2023-08-06,14.3
2023-08-07,16.0
2023-08-08,14.7
2023-08-09,17.3
2023-08-10,18.6
2023-08-11,14.1
2023-08-12,21.3
2023-08-13,16.1
2023-08-14,17.8
2023-08-15,17.2
2023-08-16,14.1
2023-08-17,16.5
2023-08-18,17.5
2023-08-19,18.2
2023-08-20,19.9
2023-08-21,13.2
2023-08-22,14.8
2023-08-23,15.4
2023-08-24,15.2
2023-08-25,16.0
2023-08-26,18.1
2023-08-27,15.3
2023-08-28,13.6
2023-08-29,12.5
2023-08-30,13.1
2023-08-31,19.2
2023-09-01,19.2
2023-09-02,19.8
2023-09-03,15.2
2023-09-04,11.4
2023-09-05,9.2
2023-09-06,14.2
2023-09-07,15.6
2023-09-08,12.8
2023-09-09,14.7
2023-09-10,13.7
2023-09-11,12.7
2023-09-12,12.5
2023-09-13,16.3
2023-09-14,16.5
2023-09-15,17.7
2023-09-16,12.9
2023-09-17,12.3
2023-09-18,13.4
2023-09-19,21.6
2023-09-20,16.9
2023-09-21,13.7
2023-09-22,19.0
2023-09-23,24.0
2023-09-24,25.7
2023-09-25,23.1
2023-09-26,17.5
2023-09-27,17.1
2023-09-28,12.0
2023-09-29,13.8
2023-09-30,15.5
2023-10-01,18.1
2023-10-02,16.5
2023-10-03,15.9
2023-10-04,20.6
2023-10-05,21.5
2023-10-06,15.3
2023-10-07,16.1
2023-10-08,13.4
2023-10-09,23.9
2023-10-10,26.8
2023-10-11,19.2
2023-10-12,21.0
2023-10-13,29.8
2023-10-14,19.5
2023-10-15,19.7
2023-10-16,27.2
2023-10-17,37.4
2023-10-18,43.4
2023-10-19,
2023-10-20,
2023-10-21,28.3
2023-10-22,22.0
2023-10-23,34.6
2023-10-24,39.6
2023-10-25,30.1
2023-10-26,24.9
2023-10-27,20.1
2023-10-28,25.8
2023-10-29,28.9
2023-10-30,21.2
2023-10-31,14.9
2023-11-01,24.4
2023-11-02,38.4
2023-11-03,43.0
2023-11-04,49.4
2023-11-05,28.2
2023-11-06,30.0
2023-11-07,20.5
2023-11-08,27.0
2023-11-09,27.4
2023-11-10,33.2
2023-11-11,25.2
2023-11-12,20.5
2023-11-13,21.9
2023-11-14,18.7
2023-11-15,16.2
2023-11-16,15.8
2023-11-17,16.7
2023-11-18,27.5
2023-11-19,34.0
2023-11-20,35.6
2023-11-21,37.8
2023-11-22,48.8
2023-11-23,36.7
2023-11-24,26.0
2023-11-25,21.9
2023-11-26,31.4
2023-11-27,19.5
2023-11-28,35.6
2023-11-29,48.2
2023-11-30,40.4
2023-12-01,24.4
2023-12-02,20.0
2023-12-03,19.6
2023-12-04,23.6
2023-12-05,31.3
2023-12-06,28.8
2023-12-07,16.5
2023-12-08,25.8
2023-12-09,43.2
2023-12-10,62.6
2023-12-11,39.0
2023-12-12,48.7
2023-12-13,38.0
2023-12-14,26.1
2023-12-15,41.9
2023-12-16,47.0
2023-12-17,31.3
2023-12-18,22.6
2023-12-19,33.9
2023-12-20,33.4
2023-12-21,19.2
2023-12-22,25.1
2023-12-23,32.5
2023-12-24,32.8
2023-12-25,36.4
2023-12-26,45.2
2023-12-27,43.2
2023-12-28,41.8
2023-12-29,44.3
2023-12-30,44.7
2023-12-31,39.6
2024-01-01,33.7
2024-01-02,35.2
2024-01-03,36.9
2024-01-04,34.2
2024-01-05,32.1
2024-01-06,37.0
2024-01-07,38.7
2024-01-08,46.1
2024-01-09,63.0
2024-01-10,40.2
2024-01-11,32.4
2024-01-12,27.9
2024-01-13,31.5
2024-01-14,35.3
2024-01-15,31.5
2024-01-16,32.2
2024-01-17,41.3
2024-01-18,52.1
2024-01-19,62.9
2024-01-20,42.8
2024-01-21,37.5
2024-01-22,42.6
2024-01-23,47.8
2024-01-24,30.9
2024-01-25,27.9
2024-01-26,35.9
2024-01-27,45.9
2024-01-28,49.3
2024-01-29,41.7
2024-01-30,67.2
2024-01-31,58.5
2024-02-01,32.9
2024-02-02,25.6
2024-02-03,27.2
2024-02-04,27.6
2024-02-05,34.7
2024-02-06,28.9
2024-02-07,26.8
2024-02-08,25.8
2024-02-09,25.0
2024-02-10,37.8
2024-02-11,39.3
2024-02-12,55.6
2024-02-13,60.2
2024-02-14,72.8
2024-02-15,54.4
2024-02-16,31.4
2024-02-17,24.9
2024-02-18,19.8
2024-02-19,18.2
2024-02-20,14.8
2024-02-21,17.8
2024-02-22,17.8
2024-02-23,17.7
2024-02-24,19.4
2024-02-25,18.5
2024-02-26,26.2
2024-02-27,34.6
2024-02-28,24.3
2024-02-29,20.7
2024-03-01,22.4
2024-03-02,26.9
2024-03-03,27.6
2024-03-04,25.3
2024-03-05,24.1
2024-03-06,22.8
2024-03-07,28.4
2024-03-08,23.9
2024-03-09,23.1
2024-03-10,19.8
2024-03-11,34.9
2024-03-12,29.5
2024-03-13,24.2
2024-03-14,23.5
2024-03-15,20.9
2024-03-16,22.6
2024-03-17,22.8
2024-03-18,27.7
2024-03-19,30.8
2024-03-20,35.3
2024-03-21,51.7
2024-03-22,
2024-03-23,23.2
2024-03-24,23.1
2024-03-25,24.0
2024-03-26,19.8
2024-03-27,19.7
2024-03-28,20.3
2024-03-29,23.9
2024-03-30,17.8
2024-03-31,16.1
2024-04-01,31.2
2024-04-02,28.5
2024-04-03,27.6
2024-04-04,24.4
2024-04-05,26.3
2024-04-06,24.9
2024-04-07,22.4
2024-04-08,20.3
2024-04-09,15.5
2024-04-10,21.9
2024-04-11,54.8
2024-04-12,30.1
2024-04-13,26.8
2024-04-14,27.2
2024-04-15,26.0
2024-04-16,22.5
2024-04-17,22.0
2024-04-18,25.1
2024-04-19,34.1
2024-04-20,43.8
2024-04-21,45.4
2024-04-22,34.8
2024-04-23,30.1
2024-04-24,20.0
2024-04-25,16.2
2024-04-26,17.3
2024-04-27,21.2
2024-04-28,15.9
2024-04-29,15.1
2024-04-30,32.9
2024-05-01,43.3
2024-05-02,39.9
2024-05-03,35.0
2024-05-04,32.8
2024-05-05,39.8
2024-05-06,38.9
2024-05-07,25.6
2024-05-08,22.9
2024-05-09,19.5
2024-05-10,18.1
2024-05-11,20.4
2024-05-12,30.5
2024-05-13,19.9
2024-05-14,25.1
2024-05-15,40.7
2024-05-16,22.4
2024-05-17,16.9
2024-05-18,17.0
2024-05-19,16.0
2024-05-20,16.1
2024-05-21,15.7
2024-05-22,14.6
2024-05-23,13.3
2024-05-24,14.1
2024-05-25,13.3
2024-05-26,10.8
2024-05-27,14.9
2024-05-28,17.4
2024-05-29,18.3
2024-05-30,17.2
2024-05-31,15.0
2024-06-01,10.4
2024-06-02,10.8
2024-06-03,15.7
2024-06-04,17.9
2024-06-05,17.1
2024-06-06,15.0
2024-06-07,16.3
2024-06-08,20.3
2024-06-09,13.9
2024-06-10,11.1
2024-06-11,12.6
2024-06-12,14.0
2024-06-13,19.0
2024-06-14,18.4
2024-06-15,19.1
2024-06-16,17.0
2024-06-17,17.4
2024-06-18,19.9
2024-06-19,18.3
2024-06-20,16.5
2024-06-21,15.3
2024-06-22,12.8
2024-06-23,13.6
2024-06-24,14.8
2024-06-25,12.5
2024-06-26,14.5
2024-06-27,18.3
2024-06-28,16.5
2024-06-29,14.4
2024-06-30,16.0
2024-07-01,14.5
2024-07-02,15.3
2024-07-03,15.0
2024-07-04,16.3
2024-07-05,14.2
2024-07-06,16.8
2024-07-07,15.0
2024-07-08,15.1
2024-07-09,18.2
2024-07-10,15.4
2024-07-11,16.0
2024-07-12,14.1
2024-07-13,18.1
2024-07-14,13.8
2024-07-15,17.6
2024-07-16,14.8
2024-07-17,13.5
2024-07-18,13.6
2024-07-19,12.6
2024-07-20,12.1
2024-07-21,18.0
2024-07-22,20.0
2024-07-23,19.6
2024-07-24,12.9
2024-07-25,13.3
2024-07-26,18.8
2024-07-27,13.8
2024-07-28,11.8
2024-07-29,10.1
2024-07-30,13.3
2024-07-31,12.2
2024-08-01,13.2
2024-08-02,18.5
2024-08-03,16.2
2024-08-04,15.6
2024-08-05,13.3
2024-08-06,17.6
2024-08-07,13.3
2024-08-08,17.0
2024-08-09,15.1
2024-08-10,10.6
2024-08-11,10.6
2024-08-12,11.0
2024-08-13,12.8
2024-08-14,20.1
2024-08-15,12.9
2024-08-16,13.7
2024-08-17,11.5
2024-08-18,11.5
2024-08-19,11.6
2024-08-20,13.6
2024-08-21,13.2
2024-08-22,13.2
2024-08-23,13.4
2024-08-24,16.8
2024-08-25,14.0
2024-08-26,13.1
2024-08-27,14.8
2024-08-28,13.0
2024-08-29,12.7
2024-08-30,14.8
2024-08-31,15.1
2024-09-01,12.1
2024-09-02,13.9
2024-09-03,14.7
2024-09-04,16.6
2024-09-05,16.9
2024-09-06,18.2
2024-09-07,19.2
2024-09-08,16.4
2024-09-09,15.9
2024-09-10,20.0
2024-09-11,16.8
2024-09-12,18.7
2024-09-13,19.7
2024-09-14,14.8
2024-09-15,16.4
2024-09-16,24.2
2024-09-17,25.4
2024-09-18,20.1
2024-09-19,18.9
2024-09-20,14.3
2024-09-21,
2024-09-22,
2024-09-23,
2024-09-24,
2024-09-25,20.6
2024-09-26,23.6
2024-09-27,27.0
2024-09-28,20.7
2024-09-29,11.4
2024-09-30,12.6
2024-10-01,12.0
2024-10-02,8.6
2024-10-03,12.0
2024-10-04,13.1
2024-10-05,25.6
2024-10-06,26.4
2024-10-07,29.4
2024-10-08,32.8
2024-10-09,16.4
2024-10-10,26.7
2024-10-11,23.1
2024-10-12,31.0
2024-10-13,18.7
2024-10-14,21.8
2024-10-15,27.6
2024-10-16,23.5
2024-10-17,24.3
2024-10-18,17.5
2024-10-19,16.4
2024-10-20,10.4
2024-10-21,15.0
2024-10-22,20.8
2024-10-23,19.3
2024-10-24,32.3
2024-10-25,39.3
2024-10-26,21.5
2024-10-27,15.6
2024-10-28,17.9
2024-10-29,20.8
2024-10-30,20.6
2024-10-31,24.1
2024-11-01,22.1
2024-11-02,29.7
2024-11-03,27.2
2024-11-04,27.0
2024-11-05,20.4
2024-11-06,17.5
2024-11-07,23.9
2024-11-08,26.0
2024-11-09,33.3
2024-11-10,43.8
2024-11-11,35.7
2024-11-12,39.6
2024-11-13,42.8
2024-11-14,40.9
2024-11-15,25.5
2024-11-16,26.2
2024-11-17,26.5
2024-11-18,25.3
2024-11-19,22.7
2024-11-20,19.5
2024-11-21,18.5
2024-11-22,21.8
2024-11-23,18.6
2024-11-24,18.5
2024-11-25,22.6
2024-11-26,17.0
2024-11-27,19.1
2024-11-28,17.6
2024-11-29,22.7
2024-11-30,33.7
2024-12-01,44.7
2024-12-02,54.4
2024-12-03,53.5
2024-12-04,41.0
2024-12-05,
2024-12-06,34.2
2024-12-07,35.3
2024-12-08,27.6
2024-12-09,24.4
2024-12-10,39.0
2024-12-11,42.1
2024-12-12,27.6
2024-12-13,22.4
2024-12-14,26.6
2024-12-15,22.2
2024-12-16,22.6
2024-12-17,36.7
2024-12-18,41.5
2024-12-19,31.3
2024-12-20,37.2
2024-12-21,48.6
2024-12-22,35.0
2024-12-23,38.9
2024-12-24,46.0
2024-12-25,44.7
2024-12-26,46.4
2024-12-27,46.2
2024-12-28,27.8
2024-12-29,25.2
2024-12-30,39.2
2024-12-31,36.9
2025-01-01,38.8
2025-01-02,42.9
2025-01-03,41.5
2025-01-04,41.0
2025-01-05,48.7
2025-01-06,51.4
2025-01-07,61.9
2025-01-08,67.8
2025-01-09,56.0
2025-01-10,31.9
2025-01-11,24.3
2025-01-12,32.3
2025-01-13,46.0
2025-01-14,56.6
2025-01-15,55.5
2025-01-16,33.3
2025-01-17,33.9
2025-01-18,50.8
2025-01-19,57.2
2025-01-20,61.1
2025-01-21,66.6
2025-01-22,76.3
2025-01-23,89.6
2025-01-24,72.7
2025-01-25,64.3
2025-01-26,40.3
2025-01-27,33.8
2025-01-28,36.4
2025-01-29,37.1
2025-01-30,47.1
2025-01-31,64.8
2025-02-01,57.6
2025-02-02,51.6
2025-02-03,46.2
2025-02-04,43.1
2025-02-05,46.7
2025-02-06,33.7
2025-02-07,37.6
2025-02-08,40.4
2025-02-09,26.4
2025-02-10,29.2
2025-02-11,46.4
2025-02-12,71.7
2025-02-13,56.6
2025-02-14,43.7
2025-02-15,45.4
2025-02-16,41.9
2025-02-17,28.4
2025-02-18,19.6
2025-02-19,28.0
2025-02-20,39.0
2025-02-21,41.1
2025-02-22,39.6
2025-02-23,36.1
2025-02-24,22.9
2025-02-25,25.9
2025-02-26,24.1
2025-02-27,32.8
2025-02-28,32.4
2025-03-01,23.7
2025-03-02,21.1
2025-03-03,22.0
2025-03-04,20.1
2025-03-05,16.7
2025-03-06,17.9
2025-03-07,19.7
2025-03-08,24.9
2025-03-09,26.6
2025-03-10,39.5
2025-03-11,29.8
2025-03-12,18.6
2025-03-13,18.5
2025-03-14,20.6
2025-03-15,20.7
2025-03-16,20.9
2025-03-17,18.5
2025-03-18,25.8
2025-03-19,33.4
2025-03-20,47.3
2025-03-21,48.1
2025-03-22,57.8
2025-03-23,76.7
2025-03-24,58.6
2025-03-25,45.7
2025-03-26,41.9
2025-03-27,42.5
2025-03-28,41.2
2025-03-29,39.4
2025-03-30,31.3
2025-03-31,28.7
2025-04-01,32.4
2025-04-02,36.9
2025-04-03,26.6
2025-04-04,17.9
2025-04-05,16.8
2025-04-06,19.0
2025-04-07,19.3
2025-04-08,22.8
2025-04-09,22.1
2025-04-10,26.9
2025-04-11,28.2
2025-04-12,15.1
2025-04-13,12.3
2025-04-14,17.0
2025-04-15,26.0
2025-04-16,22.4
2025-04-17,17.8
2025-04-18,14.2
2025-04-19,16.5
2025-04-20,10.8
2025-04-21,16.0
2025-04-22,15.7
2025-04-23,18.3
2025-04-24,18.1
2025-04-25,22.7
2025-04-26,12.0
2025-04-27,14.1
2025-04-28,13.5
2025-04-29,23.0
2025-04-30,30.9
2025-05-01,26.1
2025-05-02,25.7
2025-05-03,24.2
2025-05-04,19.9
2025-05-05,13.8
2025-05-06,15.8
2025-05-07,12.2
2025-05-08,15.8
2025-05-09,14.9
2025-05-10,16.6
2025-05-11,19.0
2025-05-12,17.1
2025-05-13,17.2
2025-05-14,17.1
2025-05-15,18.7
2025-05-16,20.2
2025-05-17,25.0
2025-05-18,21.8
2025-05-19,18.4
2025-05-20,17.6
2025-05-21,17.4
2025-05-22,24.9
2025-05-23,12.5
2025-05-24,15.9
2025-05-25,14.0
2025-05-26,11.1
2025-05-27,11.2
2025-05-28,14.0
2025-05-29,16.1
2025-05-30,15.0
2025-05-31,17.7
2025-06-01,17.1
2025-06-02,13.9
2025-06-03,18.1
2025-06-04,24.2
2025-06-05,24.6
2025-06-06,22.0
2025-06-07,19.5
2025-06-08,12.3
2025-06-09,12.2
2025-06-10,18.3
2025-06-11,19.2
2025-06-12,15.6
2025-06-13,
2025-06-14,
2025-06-15,
2025-06-16,
2025-06-17,15.6
2025-06-18,13.7
2025-06-19,15.0
2025-06-20,14.7
2025-06-21,13.1
2025-06-22,11.6
2025-06-23,12.7
2025-06-24,13.7
2025-06-25,16.6
2025-06-26,16.2
2025-06-27,15.0
2025-06-28,18.3
2025-06-29,16.0
2025-06-30,19.5
