Date,Wind Dir,Wind Speed,Temp.,Humi.,heatidx,Pres.,Prec.,Vis.,PM2.5
2011-01-01,132.0,0.8,19.0,82.8,20.3,981.7,0.0,,
2011-01-02,147.0,0.8,19.4,81.6,20.7,983.0,0.0,,
2011-01-18,123.0,0.7,21.2,77.3,22.1,984.8,0.0,,
2011-01-20,69.0,0.6,21.5,73.9,22.8,984.1,0.0,,
2011-02-09,93.0,0.5,22.8,64.2,24.4,979.9,0.0,,
2011-02-21,81.0,0.0,20.1,89.9,18.6,985.1,0.0,,
2011-02-22,156.0,1.1,29.1,66.6,32.4,982.8,0.0,,
2011-03-03,193.0,1.2,28.8,70.7,32.4,982.3,0.0,,
2011-03-06,168.0,1.3,30.7,61.3,34.5,981.8,0.0,,
2011-03-22,102.0,1.2,25.1,69.5,26.1,981.6,0.0,,
2011-03-23,133.0,1.7,27.6,73.9,30.3,984.2,0.0,,
2011-03-24,194.0,1.9,30.3,64.3,34.4,983.1,0.0,,
2011-03-26,146.0,1.8,29.5,52.3,30.7,983.7,0.0,,
2011-03-30,47.0,2.2,22.1,70.0,23.6,988.0,0.0,,
2011-03-31,104.0,1.5,24.3,73.0,25.1,984.9,0.0,,
2011-04-04,163.0,1.4,30.5,59.7,33.8,981.9,0.0,,
2011-04-05,212.0,1.6,29.3,70.5,33.5,982.8,0.0,,
2011-04-07,105.0,2.3,29.9,73.7,35.8,982.9,9.6,,
2011-04-08,125.0,1.4,30.2,74.3,36.7,983.8,0.2,,
2011-04-18,117.0,1.1,30.4,72.3,36.6,979.2,0.0,,
2011-04-20,95.0,0.8,28.3,80.2,32.8,982.9,0.0,,
2011-04-25,19.0,1.6,27.3,83.4,30.7,983.2,0.0,,
2011-04-29,169.0,1.1,27.3,84.6,31.0,981.3,7.0,,
2011-05-10,120.0,1.6,25.1,97.1,25.7,977.5,10.8,,
2011-05-15,67.0,1.2,26.5,89.5,29.3,984.0,9.0,,
2011-05-18,185.0,1.1,26.8,89.1,30.1,981.0,0.4,,
2011-06-07,166.0,0.8,27.9,88.5,33.2,980.6,0.6,,
2011-06-27,133.0,0.1,24.8,99.9,24.9,978.0,11.6,,
2011-07-19,182.0,3.0,26.3,83.8,28.5,975.7,0.0,,
2011-07-26,131.0,1.4,26.3,85.4,28.5,978.6,0.0,,
2011-07-27,134.0,1.3,27.7,83.2,31.7,976.9,0.0,,
2011-08-04,173.0,1.4,25.7,88.6,27.3,977.5,0.0,,
2011-08-06,137.0,1.5,25.4,90.4,26.5,975.2,17.0,,
2011-08-29,148.0,1.6,26.5,88.9,29.2,979.4,31.4,,
2011-09-19,143.0,1.0,26.3,89.5,28.7,978.5,5.8,,
2011-09-29,143.0,1.2,26.7,84.8,29.5,976.9,0.2,,
2011-10-13,193.0,2.3,29.8,72.6,35.1,978.7,0.0,,
2011-10-17,35.0,1.6,23.1,88.8,22.2,984.6,9.6,,
2011-10-20,39.0,1.4,25.0,84.4,25.8,983.2,0.0,,
2011-10-31,93.0,1.3,23.8,82.6,23.9,983.8,0.0,,
2011-11-03,54.0,1.8,24.7,79.2,25.5,982.6,0.0,,
2011-11-13,102.0,1.1,22.3,79.0,22.6,985.3,0.0,,
2011-11-19,123.0,0.9,23.9,78.7,24.3,983.9,0.0,,
2011-12-02,79.0,1.4,22.3,80.2,22.4,982.4,0.0,,
2011-12-06,129.0,0.9,22.0,76.9,22.7,985.3,0.0,,
2012-01-04,108.0,1.4,23.5,81.3,23.6,984.1,0.2,,
2012-01-20,82.0,1.0,22.6,67.5,24.1,980.8,0.0,,
2012-01-30,40.0,1.6,22.5,87.9,21.5,983.7,16.2,,
2012-02-08,126.0,1.1,23.6,62.0,25.0,981.3,0.0,,
2012-02-17,98.0,1.6,25.5,67.7,26.6,980.9,5.8,,
2012-02-20,137.0,1.6,25.3,61.5,26.3,980.2,0.0,,
2012-03-09,36.0,1.4,27.8,53.8,28.6,977.1,0.0,,
2012-03-10,80.0,1.7,25.6,82.5,26.9,979.9,25.2,,
2012-03-11,86.0,0.8,25.8,84.1,27.5,982.2,0.0,,
2012-03-12,233.0,2.1,26.5,79.1,28.6,983.3,6.8,,
2012-03-13,124.0,1.4,26.7,79.1,29.1,983.0,0.0,,
2012-03-15,118.0,1.3,26.8,69.3,28.5,983.0,0.0,,
2012-03-21,132.0,1.6,26.8,53.0,27.4,980.5,0.0,,
2012-03-26,113.0,1.8,28.8,62.5,31.1,983.5,1.2,,
2012-04-04,162.0,1.9,28.3,64.1,30.4,982.8,0.2,,
2012-04-09,193.0,2.1,28.9,58.7,30.7,981.6,0.0,,
2012-04-10,179.0,2.0,25.3,78.7,26.5,981.3,31.6,,
2012-04-17,160.0,1.7,31.4,57.3,35.1,976.1,0.0,,
2012-04-19,174.0,1.7,32.2,51.3,35.1,977.2,0.0,,
2012-04-23,181.0,2.3,31.9,50.7,34.4,976.4,0.0,,
2012-04-25,162.0,1.4,32.2,50.6,34.8,977.4,0.0,,
2012-04-30,105.0,1.9,29.7,63.3,33.0,977.0,0.0,,
2012-05-02,161.0,1.8,29.2,64.9,32.3,976.8,0.2,,
2012-05-05,17.0,2.4,26.5,82.5,28.9,977.3,50.4,,
2012-06-22,177.0,2.0,26.8,79.0,29.3,978.9,0.0,,
2012-07-06,127.0,1.4,26.8,83.7,29.6,976.3,0.0,,
2012-07-25,164.0,2.8,24.8,84.7,25.5,976.8,1.8,,
2012-08-19,107.0,1.4,25.9,83.5,27.7,980.5,1.4,,
2012-08-23,137.0,1.2,27.9,79.0,31.7,978.4,0.0,,
2013-03-12,82.0,1.5,24.6,48.5,25.7,983.2,0.0,,
2013-03-15,114.0,1.2,27.8,56.0,28.8,985.4,0.0,,
2013-03-26,82.0,1.2,28.5,50.9,29.1,979.2,22.8,,
2013-03-27,140.0,1.0,29.5,54.7,31.0,979.4,0.0,,
2013-04-02,142.0,1.1,31.0,56.4,34.0,979.8,0.0,,
2013-04-08,130.0,1.6,30.7,46.6,31.6,978.0,0.0,,
2013-04-15,118.0,2.5,27.5,72.5,30.0,979.8,29.4,,
2013-04-17,188.0,2.0,29.2,56.1,30.8,977.3,0.0,,
2013-04-19,138.0,1.2,30.5,52.1,32.3,977.7,0.0,,
2013-04-26,169.0,1.6,30.5,62.7,34.5,980.4,0.0,,
2013-05-03,99.0,2.1,26.6,75.4,28.6,979.7,4.0,,
2013-05-06,161.0,2.0,27.7,73.7,30.5,981.2,5.2,,
2013-05-18,169.0,1.8,28.4,76.8,32.5,979.8,15.6,,
2013-05-26,106.0,1.4,27.7,75.1,30.7,979.3,0.0,,
2013-06-06,172.0,1.4,28.2,73.5,31.7,980.3,0.2,,
2013-06-14,176.0,2.0,28.7,70.5,32.2,975.3,0.0,,
2013-06-20,181.0,2.5,28.5,68.4,31.3,975.9,0.0,,
2013-06-26,175.0,2.3,26.5,81.0,28.8,980.4,3.4,,
2013-06-29,187.0,2.7,28.1,71.8,31.2,979.1,0.0,,
2013-07-01,186.0,2.3,29.9,61.7,32.9,975.8,0.0,,
2013-07-02,181.0,2.7,30.0,61.8,33.2,976.6,0.0,,
2013-07-03,134.0,2.2,28.9,70.9,32.7,977.6,0.0,,
2013-07-05,128.0,1.8,28.4,72.1,31.8,978.2,0.0,,
2013-07-15,170.0,2.4,29.2,68.8,33.0,977.3,0.0,,
2013-07-29,180.0,2.6,24.6,87.2,25.0,976.1,4.6,,
2013-07-30,152.0,1.4,25.2,89.0,26.1,976.7,5.6,,
2013-08-03,158.0,1.5,27.6,76.6,30.8,976.8,0.0,,
2013-08-07,132.0,1.3,23.3,92.1,22.1,978.5,44.4,,
2013-08-09,80.0,1.7,24.6,89.3,24.9,979.3,29.4,,
2013-08-12,106.0,1.8,26.2,85.5,28.3,979.0,2.0,,
2013-08-14,177.0,2.1,27.4,78.4,30.6,977.7,0.0,,
2013-08-17,177.0,3.0,27.4,72.6,29.8,978.0,0.0,,
2013-08-18,187.0,3.0,27.8,68.3,30.1,978.1,0.0,,
2013-08-20,183.0,2.7,26.8,79.6,29.3,976.7,3.4,,
2013-08-21,166.0,1.9,25.7,87.3,27.3,976.2,30.6,,
2013-08-25,188.0,2.7,26.3,76.9,28.2,977.4,0.2,,
2013-08-27,149.0,1.7,27.5,78.0,30.6,979.9,0.0,,
2013-09-09,53.0,1.7,25.9,84.6,27.7,982.5,21.0,,
2013-09-13,32.0,1.9,25.4,91.5,26.5,981.0,9.6,,
2013-09-18,112.0,1.7,27.2,79.3,30.2,978.3,0.0,,
2013-09-22,143.0,1.5,26.4,86.4,28.8,975.7,1.6,,
2013-09-23,163.0,1.8,28.3,77.4,32.5,975.9,0.0,,
2013-09-24,99.0,1.8,26.4,79.8,28.5,978.9,0.2,,
2013-10-14,58.0,1.2,24.2,86.4,24.2,981.2,0.0,,
2013-10-15,74.0,1.9,26.8,76.4,29.1,980.9,0.0,,
2013-10-21,22.0,1.7,22.9,93.7,21.2,984.9,9.4,,
2013-11-15,73.0,1.6,25.4,78.2,26.5,983.7,0.0,,
2013-11-21,54.0,1.6,23.8,79.9,24.1,983.4,0.0,,
2013-11-25,108.0,1.1,24.7,84.2,25.3,980.8,0.0,,
2013-11-27,124.0,1.3,25.7,82.6,27.2,983.8,0.0,,
2013-11-29,107.0,1.3,23.6,83.7,23.5,985.3,0.2,,
2013-12-05,68.0,1.3,20.5,76.0,22.1,983.3,0.0,,
2013-12-06,87.0,1.5,20.2,76.5,22.0,983.7,0.0,,
2013-12-18,43.0,1.7,15.6,71.6,25.5,987.4,0.0,,
2013-12-20,81.0,1.3,16.0,73.7,24.4,989.5,0.0,,
2013-12-24,108.0,1.1,17.0,77.6,22.5,989.6,0.0,,
2013-12-27,57.0,1.2,17.0,80.3,21.6,988.7,0.0,,
2014-01-06,111.0,1.4,22.6,75.5,23.3,983.6,0.0,,
2014-01-16,117.0,1.4,18.7,73.6,22.7,990.0,0.0,,
2014-01-22,63.0,1.5,16.2,68.7,25.5,991.5,67.8,,
2014-01-28,161.0,1.3,21.2,68.8,23.4,986.4,0.0,,
2014-02-16,142.0,1.6,26.0,68.5,27.3,983.9,0.0,,
2014-02-24,120.0,1.6,26.2,59.8,27.2,985.1,0.0,,
2014-02-28,58.0,1.6,27.1,56.6,27.9,982.0,0.0,,
2014-03-02,116.0,1.5,28.1,54.3,28.9,980.4,0.0,,
2014-03-14,75.0,1.9,29.0,49.7,29.7,981.9,0.0,,
2014-03-25,138.0,1.7,27.8,57.7,28.9,980.5,0.0,,
2014-03-27,167.0,0.3,29.0,49.2,29.5,979.3,0.0,,
2014-03-29,163.0,0.2,29.6,50.5,30.5,978.6,0.0,,
2014-03-31,168.0,0.2,30.5,40.6,30.3,977.9,0.0,,
2014-04-04,184.0,0.2,26.7,66.4,28.1,982.3,8.8,,
2014-04-11,173.0,0.3,28.8,63.9,31.3,980.0,11.4,,
2014-04-17,160.0,0.2,30.3,59.7,33.3,979.4,0.0,,
2014-04-19,181.0,0.1,30.2,60.5,33.3,979.0,0.0,,
2014-04-22,200.0,0.2,30.3,62.6,34.1,980.5,0.0,,
2014-04-26,203.0,0.2,29.0,69.3,32.5,980.1,1.0,,
2014-05-07,184.0,0.2,26.1,81.9,28.0,981.9,0.0,,
2014-05-10,161.0,0.2,29.0,66.9,32.2,978.5,0.0,,
2014-05-12,6.0,0.3,30.8,60.2,34.6,978.8,0.0,,
2014-05-17,113.0,0.2,30.0,65.3,34.0,978.4,0.0,,
2014-05-23,167.0,0.2,30.3,62.4,33.9,978.7,0.0,,
2014-06-08,178.0,0.4,29.1,70.6,33.1,975.6,0.0,,
2014-06-18,161.0,0.2,26.6,83.2,29.1,976.4,1.4,,
2014-06-21,172.0,0.3,28.6,72.1,32.1,978.7,0.0,,
2014-07-02,166.0,0.3,28.9,70.3,32.5,977.9,0.0,,
2014-07-21,167.0,0.2,25.4,87.2,26.6,978.3,2.8,,
2016-10-06,80.0,0.7,25.7,90.3,27.3,981.7,11.6,,
2016-10-17,83.0,0.7,26.4,84.5,28.7,981.5,0.0,,
2016-10-18,71.0,0.6,26.4,81.8,28.5,980.0,0.0,,
2016-10-28,89.0,0.9,26.6,83.9,29.2,984.8,0.4,,
2016-10-29,132.0,1.0,25.3,87.5,26.3,986.1,0.2,,
2016-11-09,87.0,0.9,26.0,88.6,28.0,985.8,0.2,,
2016-11-21,66.0,0.8,22.4,74.5,23.3,983.4,0.0,,
2016-12-02,119.0,0.7,22.7,80.4,22.7,989.0,0.0,,
2016-12-06,59.0,0.8,23.9,75.7,24.5,988.0,1.0,,
2016-12-17,25.0,1.3,21.7,86.3,20.8,987.4,0.2,,
2016-12-28,110.0,1.2,22.4,72.1,23.5,985.8,0.0,,
2017-01-08,60.0,0.6,22.9,79.9,23.1,981.3,0.0,,
2017-01-17,40.0,0.6,23.7,74.2,24.4,984.7,0.0,,
2017-01-28,72.0,0.9,23.2,66.0,24.5,983.4,0.0,,
2017-02-08,141.0,0.5,22.1,64.5,24.1,984.2,0.0,,
2017-02-20,140.0,1.2,25.1,55.2,26.1,982.1,0.0,,
2017-02-24,141.0,0.7,26.9,53.3,27.5,984.2,0.0,,
2017-03-06,157.0,0.8,27.5,50.5,28.0,978.4,0.0,,
2017-03-16,150.0,1.4,29.5,44.9,29.6,978.4,0.0,,
2017-03-26,119.0,1.3,33.6,43.3,35.5,980.0,0.0,,
2017-03-27,125.0,2.7,27.5,68.3,29.5,984.8,0.2,,
2017-03-28,137.0,1.3,28.9,60.5,31.0,982.6,0.0,,
2017-03-29,128.0,1.5,28.7,66.8,31.6,982.2,3.2,,
2017-03-30,121.0,1.0,29.3,63.3,32.1,982.0,0.0,,
2017-04-05,65.0,0.5,27.9,65.6,29.9,979.8,0.2,,
2017-04-07,129.0,0.9,30.8,59.3,34.3,978.6,0.0,,
2017-04-17,161.0,2.4,26.4,75.3,28.2,980.3,0.2,,
2017-05-10,180.0,0.8,27.7,76.5,30.9,981.5,1.4,,
2017-05-19,124.0,0.9,27.7,82.9,31.7,977.9,13.8,,
2017-05-30,84.0,1.5,27.1,86.4,30.5,978.6,9.8,,
2017-06-09,101.0,1.7,27.0,83.1,30.0,977.0,23.8,,
2017-07-03,155.0,1.9,26.8,81.4,29.4,977.5,1.8,,
2017-07-12,145.0,1.8,26.5,83.2,28.8,977.8,2.0,,
2017-07-16,116.0,0.9,28.0,77.7,31.7,974.1,0.4,,
2017-07-26,154.0,1.2,27.2,84.9,30.8,974.3,24.4,,
2017-08-01,177.0,3.5,29.1,70.8,33.1,976.3,0.0,,
2017-08-08,149.0,1.8,27.8,79.6,31.6,979.6,21.4,,
2017-08-15,132.0,1.4,26.3,86.9,28.5,977.4,25.0,,
2017-08-27,46.0,1.1,26.7,84.5,29.4,976.3,0.2,,
2017-08-28,141.0,1.2,28.8,76.1,33.3,976.3,0.0,,
2017-09-08,91.0,1.2,27.5,79.8,30.8,979.8,0.0,,
2017-09-17,100.0,1.6,25.8,90.0,27.5,980.9,10.0,,
2017-09-27,33.0,0.9,26.3,87.5,28.7,982.4,0.2,,
2017-10-07,93.0,1.0,26.4,30.6,26.1,982.1,4.0,,
2017-10-08,356.0,0.9,23.6,45.8,25.3,982.5,33.6,,
2017-10-15,143.0,1.3,31.3,24.9,29.6,979.7,18.2,,
2017-10-17,147.0,0.7,8.4,17.2,22.6,982.0,3.6,,
2017-10-28,94.0,0.6,22.4,0.0,21.2,984.3,0.0,,
2017-11-05,58.0,1.2,22.6,44.1,25.1,985.7,0.0,,
2017-11-28,74.0,0.7,22.9,78.1,23.3,984.6,0.0,,
2017-12-01,67.0,0.8,23.2,72.7,24.1,983.9,0.0,,
2018-01-12,4.0,1.9,16.1,74.8,24.1,990.4,0.0,,
2018-01-13,44.0,0.7,17.1,74.9,23.2,987.7,0.0,,
2018-01-22,52.0,0.8,21.4,63.3,24.1,980.7,0.0,,
2018-01-25,25.0,0.8,23.8,59.9,25.1,978.8,0.0,,
2018-01-26,129.0,1.0,24.6,74.0,25.4,979.2,20.8,,
2018-01-27,128.0,0.9,24.9,77.7,25.8,979.1,0.4,,
2018-02-09,130.0,0.9,23.3,65.0,24.6,982.2,0.0,,
2018-02-26,127.0,1.7,25.2,70.5,26.2,981.7,13.0,,
2018-03-07,50.0,0.7,27.1,46.4,27.3,980.0,0.0,,
2018-03-16,128.0,1.1,26.8,54.4,27.5,980.2,0.0,,
2018-03-19,153.0,0.9,28.4,48.4,28.8,979.3,0.0,,
2018-03-20,120.0,0.6,27.7,46.2,27.8,979.0,0.0,,
2018-03-22,123.0,1.6,27.9,57.5,29.1,979.3,0.0,,
2018-03-24,154.0,1.3,28.8,55.0,30.0,982.0,0.4,,
2018-03-25,142.0,1.0,29.4,54.0,30.8,982.3,0.4,,
2018-04-02,169.0,2.1,26.7,68.9,28.3,981.3,39.0,,
2018-04-03,55.0,0.6,27.1,65.4,28.7,979.8,0.0,,
2018-04-06,38.0,2.2,27.1,65.7,28.7,980.5,27.4,,
2018-04-07,22.0,3.0,21.6,75.0,22.7,987.1,0.6,,
2018-04-08,32.0,1.4,23.6,63.6,24.9,985.9,0.0,,
2018-04-12,141.0,1.0,30.5,54.6,32.7,977.8,0.0,,
2018-04-13,140.0,0.9,31.0,53.4,33.3,978.4,0.0,,
2018-04-14,106.0,0.6,31.2,51.2,33.2,977.8,0.0,,
2018-04-15,128.0,0.7,31.4,50.4,33.3,977.7,0.0,,
2018-04-18,33.0,1.3,25.8,74.1,27.1,981.9,7.2,,
2018-04-19,71.0,1.3,26.0,71.5,27.3,979.5,0.8,,
2018-04-24,74.0,1.5,30.7,57.6,33.7,977.0,0.0,,
2018-04-27,40.0,1.2,26.6,73.0,28.4,982.0,0.4,,
2018-05-02,17.0,1.8,25.2,85.0,26.2,981.9,13.2,,
2018-05-12,97.0,1.4,26.1,82.4,28.1,980.1,28.8,,
2018-05-13,111.0,1.1,27.1,72.1,29.2,980.6,5.6,,
2018-05-14,141.0,1.2,28.8,65.5,31.5,979.9,0.0,,
2018-05-15,126.0,1.4,27.5,71.8,29.9,978.2,1.4,,
2018-05-20,138.0,1.2,29.1,65.4,32.1,977.5,0.0,,
2018-05-21,129.0,1.6,29.5,65.2,32.9,977.8,13.8,,
2018-05-24,131.0,1.7,27.3,75.4,29.8,978.9,12.8,,
2018-05-28,138.0,1.5,25.6,82.2,27.0,979.9,0.6,,
2018-05-31,57.0,1.2,25.4,85.3,26.7,979.8,0.4,,
2018-06-05,146.0,1.4,29.6,69.1,33.9,977.7,14.8,,
2018-06-14,177.0,1.5,27.3,77.0,30.2,977.1,0.8,,
2018-07-09,129.0,1.1,26.4,80.0,28.4,975.7,5.2,,
2018-08-02,167.0,1.8,26.6,74.2,28.6,976.4,1.6,,
2018-08-13,165.0,2.4,27.1,73.9,29.4,976.9,0.6,,
2018-09-19,134.0,1.0,25.3,87.0,26.3,982.8,9.2,,
2018-11-20,91.0,0.6,26.8,75.1,28.9,985.2,0.0,,16.0
2019-01-05,18.0,1.0,24.1,69.8,25.0,986.2,0.0,,17.0
2019-01-06,75.0,0.6,24.9,73.0,25.8,985.4,0.0,,17.0
2019-01-11,29.0,0.8,24.9,77.7,25.8,984.2,0.0,,35.0
2019-01-18,46.0,0.8,23.5,71.4,24.4,984.3,0.0,,30.0
2019-03-07,104.0,0.8,28.3,42.9,28.1,979.8,0.0,,67.0
2019-03-22,65.0,0.6,27.7,40.2,27.4,979.6,0.0,,86.0
2019-03-23,38.0,0.6,27.3,45.0,27.4,979.2,0.0,,157.0
2019-04-05,203.0,0.6,30.9,46.3,31.8,980.4,0.0,,84.0
2019-04-18,190.0,1.0,33.0,39.2,33.6,977.0,0.0,,48.0
2019-05-06,185.0,2.1,33.4,42.7,35.0,974.7,0.0,,41.0
2019-05-24,147.0,2.2,29.9,63.9,33.5,976.9,1.0,,18.0
2019-06-07,165.0,1.6,30.5,62.9,34.5,978.7,0.0,,7.0
2019-06-12,97.0,1.4,27.5,77.9,30.6,978.2,3.8,,11.0
2019-06-20,170.0,1.8,29.6,64.1,32.8,979.4,0.0,,12.0
2019-07-09,174.0,2.4,28.8,62.0,31.1,979.4,0.0,,12.0
2019-07-15,176.0,2.4,30.0,56.7,32.3,976.4,0.0,,10.0
2019-07-20,173.0,2.1,32.8,52.7,36.6,977.3,0.0,,13.0
2019-08-01,160.0,1.7,26.1,85.8,28.0,976.9,17.8,,8.0
2019-08-02,173.0,2.5,27.2,71.7,29.4,977.0,1.6,,10.0
2019-09-19,39.0,1.1,24.9,91.5,25.4,983.2,22.0,,15.0
2019-11-19,52.0,0.7,24.8,70.2,25.8,985.4,0.0,,24.0
2019-12-08,56.0,0.8,16.1,59.3,27.2,991.7,0.0,,32.0
2019-12-16,67.0,0.5,20.9,69.8,23.2,986.4,0.0,,43.0
2019-12-27,111.0,0.7,23.2,71.7,24.1,984.5,0.0,,78.0
2020-01-20,90.0,0.9,25.4,64.0,26.4,986.4,0.0,,90.0
2020-01-21,106.0,0.8,25.5,65.3,26.5,986.9,0.0,,82.0
2020-01-29,129.0,0.5,20.0,53.3,25.0,985.4,0.0,,91.0
2020-02-06,154.0,0.9,24.5,53.9,25.7,984.5,0.0,,57.0
2020-02-09,125.0,1.0,25.2,56.6,26.1,987.1,0.0,,65.0
2020-02-14,179.0,2.3,25.7,42.7,26.1,980.9,0.0,,30.0
2020-02-17,115.0,1.6,25.6,47.7,26.2,985.9,0.0,,59.0
2020-02-29,151.0,1.3,28.0,56.5,29.1,982.2,0.0,,70.0
2020-03-01,121.0,0.5,28.0,50.2,28.5,981.8,0.0,,58.0
2020-03-06,158.0,1.7,28.8,47.8,29.1,983.5,0.0,,31.0
2020-03-16,142.0,1.1,29.8,53.6,31.3,983.7,0.0,,45.0
2020-03-27,164.0,1.3,30.6,34.7,29.8,980.9,0.0,,61.0
2020-03-29,157.0,1.0,30.1,37.6,29.5,979.0,0.0,,110.0
2020-03-31,162.0,1.1,31.1,37.6,30.7,979.9,0.0,,114.0
2020-04-02,166.0,1.8,31.7,33.7,30.9,980.6,0.0,,104.0
2020-04-18,134.0,1.2,31.5,44.5,32.4,979.8,0.0,,38.0
2020-04-24,152.0,2.5,31.9,46.1,33.2,980.9,0.0,,33.0
2020-04-30,160.0,1.0,27.7,72.9,30.5,983.5,0.0,,17.0
2020-05-03,145.0,1.6,30.2,63.4,33.9,980.8,0.0,,19.0
2020-05-12,156.0,0.9,31.0,58.5,34.5,980.8,0.0,,14.0
2020-05-15,196.0,1.2,31.9,55.0,35.4,977.7,0.0,,17.0
2020-05-18,141.0,1.7,30.1,67.2,34.5,977.1,2.4,,18.0
2020-05-30,84.0,2.7,29.1,70.3,32.9,981.8,18.8,,6.0
2020-06-02,109.0,1.4,30.6,61.7,34.4,979.8,0.0,,11.0
2020-06-05,147.0,1.1,29.4,69.7,33.6,978.9,0.8,,10.0
2020-06-07,143.0,2.0,29.0,68.8,32.5,978.2,0.0,,5.0
2020-06-15,138.0,2.1,27.3,79.5,30.4,978.9,10.2,,7.0
2020-06-21,183.0,1.3,30.6,61.5,34.3,977.8,0.0,,7.0
2020-06-23,144.0,1.6,29.0,71.9,33.2,980.2,10.2,,8.0
2020-06-26,138.0,1.2,27.9,78.1,31.7,978.5,7.0,,7.0
2020-07-04,163.0,1.8,27.5,76.9,30.6,979.1,9.4,,6.0
2020-07-07,150.0,1.8,30.3,66.3,34.9,979.5,5.8,,9.0
2020-07-15,165.0,1.1,29.4,68.4,33.2,978.2,0.0,,5.0
2020-07-16,160.0,1.4,30.4,64.4,34.6,977.4,0.0,,6.0
2020-08-09,168.0,1.3,29.7,69.6,34.1,977.3,0.0,,5.0
2020-08-15,98.0,0.5,23.9,94.8,22.9,980.3,13.4,,5.0
2020-09-01,11.0,1.7,25.3,83.4,26.4,981.3,12.0,,13.0
2020-09-24,101.0,1.0,26.4,85.4,28.8,981.6,0.0,,4.0
2020-10-21,38.0,0.8,24.4,84.4,24.7,984.0,0.0,,4.0
2020-11-09,46.0,1.0,23.8,77.0,24.3,986.4,0.0,,17.0
2020-11-11,54.0,1.3,22.7,66.2,24.2,987.7,0.0,,21.0
2020-11-14,40.0,1.0,23.4,70.5,24.4,985.2,0.0,,19.0
2020-11-18,112.0,0.5,25.4,75.9,26.5,982.8,0.0,,20.0
2020-11-25,114.0,0.4,24.0,74.9,24.7,985.8,0.0,,18.0
2020-12-01,69.0,0.9,22.0,71.4,23.4,987.9,0.0,,24.0
2020-12-04,105.0,0.6,21.8,75.7,22.7,986.5,0.0,,22.0
2020-12-25,114.0,0.2,21.6,68.6,23.6,984.7,0.0,,44.0
2020-12-28,150.0,0.6,24.2,70.8,25.0,982.4,0.0,,32.0
2020-12-29,169.0,0.4,21.3,65.3,23.9,983.7,0.0,,31.0
2020-12-31,133.0,1.3,22.8,59.7,24.7,987.9,0.0,,24.0
2021-01-11,69.0,2.9,23.8,55.0,25.2,987.1,0.0,,38.0
2021-01-18,114.0,0.2,15.8,82.1,21.9,986.8,0.0,,53.0
2021-01-26,149.0,0.3,23.2,63.4,24.7,983.1,0.0,,76.0
2021-01-29,159.0,1.6,26.8,56.1,27.6,985.2,0.0,,60.0
2021-02-02,147.0,0.9,24.5,58.2,25.6,985.3,0.0,,57.0
2021-02-04,136.0,0.9,25.0,55.7,26.0,986.0,0.0,,69.0
2021-02-11,101.0,0.6,21.8,57.0,24.6,982.4,0.0,,28.0
2021-02-16,110.0,1.0,25.4,57.8,26.3,980.7,0.0,,49.0
2021-02-17,140.0,1.3,25.9,61.7,26.8,983.0,0.0,,60.0
2021-02-18,95.0,1.5,25.4,54.9,26.2,987.6,0.0,,51.0
2021-02-20,215.0,1.4,27.5,46.7,27.7,986.9,0.0,,61.0
2021-08-04,173.0,2.2,27.8,74.3,30.8,978.5,0.4,,13.0
2021-08-15,157.0,1.3,26.1,85.1,28.0,981.0,1.2,,8.0
2021-09-06,116.0,1.0,27.0,79.4,29.7,983.1,1.6,,11.0
2021-09-12,156.0,0.7,26.7,79.4,29.0,978.9,0.0,,10.0
2021-09-16,22.0,1.4,25.9,86.1,27.6,981.8,18.0,,11.0
2021-09-21,79.0,1.4,25.9,85.3,27.6,980.3,33.0,,10.0
2021-09-24,55.0,0.9,25.5,87.8,26.8,981.2,1.6,,10.0
2021-09-30,83.0,0.7,28.2,76.4,32.1,981.7,0.0,,14.0
2021-10-03,132.0,0.7,26.8,79.9,29.3,981.9,0.0,,11.0
2021-10-04,72.0,0.5,24.9,90.5,25.5,982.6,4.0,,14.0
2021-10-07,71.0,0.6,27.2,78.7,30.1,978.5,0.0,,13.0
2021-10-12,47.0,1.0,24.8,92.5,25.0,978.9,6.2,,8.0
2021-10-18,114.0,0.8,25.3,81.0,26.4,986.0,0.0,,11.0
2021-11-02,78.0,1.0,25.0,87.9,25.7,986.3,2.8,,13.0
2021-11-03,107.0,0.5,26.1,82.3,28.0,985.0,0.0,,14.0
2021-11-05,106.0,0.5,25.2,82.2,26.2,982.8,0.0,,16.0
2021-11-10,122.0,0.5,24.8,81.9,25.4,985.8,0.0,,19.0
2021-11-17,89.0,0.6,25.4,79.6,26.6,985.0,0.0,,21.0
2021-11-26,59.0,0.6,25.3,74.9,26.4,986.3,0.0,,23.0
2021-12-14,95.0,0.4,20.9,76.1,22.2,986.7,0.0,,25.0
2021-12-16,70.0,0.6,20.7,74.0,22.5,986.5,0.0,,35.0
2021-12-17,70.0,0.8,21.0,71.8,23.0,987.2,0.0,,24.0
2021-12-19,29.0,1.7,21.2,66.4,23.7,988.6,0.0,,33.0
2021-12-21,87.0,0.5,19.1,71.0,23.2,987.3,0.0,,35.0
2021-12-23,105.0,0.7,20.1,74.8,22.3,985.5,0.0,,29.0
2021-12-25,140.0,0.7,22.1,76.1,22.8,986.9,0.0,,41.0
2021-12-27,110.0,0.7,22.8,74.9,23.5,989.2,0.0,,25.0
2021-12-29,104.0,0.5,23.1,71.0,24.1,989.5,0.0,,20.0
2021-12-31,75.0,0.7,22.9,73.0,23.7,990.1,0.0,,21.0
2022-01-02,103.0,0.7,21.9,70.1,23.5,988.9,0.0,,21.0
2022-01-04,101.0,0.5,21.5,71.3,23.2,987.3,0.0,,27.0
2022-01-11,142.0,1.0,22.6,66.7,24.2,985.6,0.0,,35.0
2022-01-13,96.0,0.6,24.1,68.5,25.1,986.9,0.0,,45.0
2022-01-15,128.0,1.0,24.3,65.1,25.4,986.1,0.0,,37.0
2022-01-18,59.0,1.0,22.6,77.9,23.0,986.7,0.4,,22.0
2022-01-20,105.0,1.2,21.2,83.6,20.9,983.7,19.2,,18.0
2022-01-22,144.0,1.0,22.2,76.6,22.9,981.9,0.0,,20.0
2022-01-24,63.0,0.6,21.1,66.4,23.7,984.0,0.0,,22.0
2022-01-26,172.0,1.0,24.0,59.1,25.3,984.1,0.0,,33.0
2022-01-27,149.0,0.8,22.6,61.5,24.5,984.0,0.0,,30.0
2022-01-28,130.0,0.7,22.2,60.1,24.5,983.7,0.0,,30.0
2022-01-29,222.0,2.1,26.5,47.6,26.9,982.8,0.0,,26.0
2022-01-31,145.0,1.0,21.7,57.7,24.6,982.0,0.0,,36.0
2022-02-10,61.0,0.8,24.1,54.6,25.4,983.5,0.0,,37.0
2022-02-19,154.0,1.7,24.3,86.1,24.4,981.4,7.8,,10.0
2022-02-24,8.0,1.2,23.5,65.8,24.7,989.2,0.0,,30.0
2022-02-27,110.0,0.7,25.6,57.0,26.5,986.1,0.0,,50.0
2022-03-20,174.0,1.8,29.1,62.9,31.6,980.4,0.4,,38.0
2022-03-27,172.0,0.8,30.3,56.3,32.6,982.0,0.0,,39.0
2022-03-29,150.0,1.3,28.4,64.9,30.7,982.0,0.4,,25.0
2022-04-01,49.0,1.8,29.1,59.1,31.1,984.2,0.0,,28.0
2022-04-04,98.0,1.2,26.9,54.0,27.5,988.1,0.0,,22.0
2022-04-17,131.0,1.9,31.7,52.9,34.6,980.5,0.0,,64.0
2022-04-21,131.0,0.9,26.7,77.5,28.8,981.9,3.0,,23.0
2022-05-01,94.0,1.3,28.0,70.3,30.6,979.6,0.4,,20.0
2022-05-04,99.0,0.9,27.5,60.8,28.8,983.2,0.0,,26.0
2022-05-05,65.0,1.5,28.9,60.0,30.9,981.1,0.0,,28.0
2022-05-14,185.0,1.0,30.3,67.1,34.9,979.9,0.0,,21.0
2022-05-17,68.0,1.1,26.2,80.3,28.1,981.9,8.0,,16.0
2022-05-26,191.0,1.9,29.3,62.3,31.9,977.3,0.0,,33.0
2022-05-28,173.0,1.2,29.0,66.6,32.1,975.8,0.0,,31.0
2022-06-16,148.0,1.4,27.0,78.3,29.6,982.1,1.2,,13.0
2022-06-28,163.0,1.3,27.8,74.3,30.8,978.8,0.0,,8.0
2022-07-06,100.0,1.1,29.1,72.7,33.4,978.8,0.0,,11.0
2022-07-07,180.0,1.0,27.8,76.3,31.1,978.5,0.0,,10.0
2022-07-09,44.0,0.4,24.2,95.2,23.6,977.4,2.8,,10.0
2022-07-10,122.0,0.8,25.5,86.2,26.9,978.2,28.6,,10.0
2022-07-11,110.0,0.7,26.9,80.9,29.7,978.4,0.6,,11.0
2022-07-14,26.0,0.8,25.4,90.5,26.7,976.9,35.8,,10.0
2022-07-15,142.0,0.8,27.7,79.1,31.3,978.0,1.2,,9.0
2022-07-16,154.0,1.0,29.4,73.3,34.3,979.1,0.0,,11.0
2022-07-25,126.0,0.7,28.5,77.3,32.9,981.5,0.0,,14.0
2022-07-27,112.0,0.8,30.5,67.6,35.6,980.2,0.0,,16.0
2022-08-11,159.0,1.3,26.9,82.4,29.8,976.0,14.2,,13.0
2022-08-24,161.0,1.6,27.3,79.3,30.3,978.2,46.0,,12.0
2022-09-03,139.0,0.7,28.2,80.8,32.8,979.6,0.0,,12.0
2022-09-11,135.0,0.5,23.9,95.5,22.9,982.6,60.4,,8.0
2022-09-14,85.0,0.9,26.6,82.9,29.0,982.3,0.0,,9.0
2022-09-22,104.0,1.1,25.5,87.2,26.9,980.9,37.6,,14.0
2022-09-26,7.0,0.9,24.7,91.8,24.9,981.5,10.6,,10.0
2022-11-07,104.0,0.3,22.9,76.3,23.4,986.9,0.0,,24.0
2022-11-09,125.0,0.6,23.0,77.7,23.4,987.1,0.0,,27.0
2022-11-11,91.0,0.6,22.7,76.5,23.2,986.3,0.0,,21.0
2022-12-15,132.0,0.4,21.0,75.8,22.3,984.8,0.0,,36.0
2023-01-11,74.0,0.4,23.3,72.6,24.1,984.1,0.0,,37.0
2023-01-20,210.0,0.5,21.7,70.0,23.4,989.5,0.0,,40.0
2023-01-21,144.0,0.4,20.7,68.9,23.4,986.0,0.0,,44.0
2023-01-22,118.0,0.2,20.8,65.8,23.8,984.7,0.0,,50.0
2023-01-23,168.0,0.2,21.0,64.5,23.9,984.5,0.0,,49.0
2023-01-24,126.0,1.0,19.3,71.2,23.1,986.5,0.0,,57.0
2023-01-25,102.0,0.9,21.2,65.5,23.8,986.0,0.0,,60.0
2023-01-26,115.0,0.5,21.4,67.6,23.6,984.9,0.0,,59.0
2023-01-27,100.0,0.7,22.5,64.7,24.2,985.7,0.0,,71.0
2023-01-28,28.0,1.1,22.1,62.2,24.3,986.6,0.0,,62.0
2023-01-29,23.0,1.6,21.7,61.3,24.3,989.0,0.0,,59.0
2023-01-30,5.0,2.4,23.4,49.7,25.2,988.1,0.0,,67.0
2023-01-31,79.0,0.4,16.0,84.8,20.7,984.3,0.0,,88.0
2023-02-01,122.0,0.4,21.7,68.4,23.6,983.3,0.0,,87.0
2023-02-02,75.0,0.7,23.1,64.1,24.6,983.9,0.0,,80.0
2023-02-03,148.0,0.7,24.6,61.5,25.7,983.7,0.0,,82.0
2023-02-04,114.0,1.2,26.0,69.9,27.2,982.3,0.0,,68.0
2023-02-05,122.0,1.2,26.0,71.1,27.3,982.3,0.0,,52.0
2023-02-06,169.0,1.2,28.6,54.4,29.7,981.6,0.0,,40.0
2023-02-07,144.0,1.3,24.4,52.3,25.6,981.9,0.0,,39.0
2023-02-08,44.0,1.1,23.2,53.8,25.0,982.6,0.0,,65.0
2023-02-09,125.0,0.6,23.9,60.7,25.2,983.2,0.0,,106.0
2023-02-10,25.0,0.6,24.2,56.9,25.4,983.2,0.0,,108.0
2023-02-11,36.0,0.6,24.4,56.3,25.6,982.7,0.0,,113.0
2023-02-12,93.0,0.4,23.9,56.4,25.3,983.2,0.0,,125.0
2023-02-13,56.0,0.3,23.6,55.7,25.1,983.5,0.0,,158.0
2023-02-14,30.0,0.3,23.3,56.3,25.0,983.3,0.0,,211.0
2023-02-15,132.0,1.5,25.6,63.8,26.6,985.4,0.0,,153.0
2023-02-16,104.0,2.2,25.0,64.4,26.0,987.7,0.0,,42.0
2023-02-17,1.0,1.5,19.7,83.0,20.3,989.4,3.2,,23.0
2023-02-18,138.0,1.0,22.6,66.9,24.1,986.3,0.0,,19.0
2023-02-19,152.0,0.8,24.2,60.4,25.4,985.1,0.0,,27.0
2023-02-20,127.0,1.1,25.2,62.1,26.1,985.4,0.0,,57.0
2023-02-21,140.0,1.0,25.5,61.4,26.4,986.0,0.0,,67.0
2023-02-22,158.0,1.8,28.2,50.1,28.6,985.9,0.0,,74.0
2023-02-23,53.0,0.6,24.9,59.0,25.9,983.7,0.0,,72.0
2023-02-24,107.0,0.8,26.2,56.5,27.0,985.6,0.0,,88.0
2023-02-25,96.0,1.7,26.4,53.2,27.0,989.7,0.0,,92.0
2023-02-26,62.0,1.7,24.3,49.4,25.5,992.0,0.0,,59.0
2023-02-27,80.0,0.8,22.4,52.6,24.9,990.9,0.0,,96.0
2023-02-28,112.0,0.4,22.3,57.1,24.7,989.5,0.0,,143.0
2023-03-01,153.0,0.4,21.7,63.2,24.2,989.2,0.0,,155.0
2023-03-02,163.0,0.6,24.5,55.7,25.6,987.8,0.0,,150.0
2023-03-03,103.0,1.4,25.4,55.6,26.2,989.1,0.0,,138.0
2023-03-04,120.0,1.3,24.9,55.9,25.9,989.6,0.0,,132.0
2023-03-05,64.0,0.7,24.7,58.6,25.7,988.6,0.0,,119.0
2023-03-06,135.0,0.7,25.3,58.6,26.3,987.1,0.0,,100.0
2023-03-07,205.0,1.0,28.5,47.5,28.8,986.5,0.0,,84.0
2023-03-08,116.0,0.6,27.1,50.8,27.6,985.3,0.0,,90.0
2023-03-09,144.0,0.8,27.0,54.7,27.7,985.1,0.0,,97.0
2023-03-10,114.0,0.8,27.6,57.2,28.6,983.9,0.0,,101.0
2023-03-11,72.0,0.4,27.5,61.0,28.8,984.2,0.0,,99.0
2023-03-12,41.0,1.8,27.2,63.1,28.7,985.2,1.0,,103.0
2023-03-13,19.0,1.3,22.3,83.2,22.0,987.5,0.4,,64.0
2023-03-14,16.0,1.3,22.3,78.0,22.7,988.5,0.0,,49.0
2023-03-15,87.0,0.7,26.9,60.2,27.9,983.5,0.0,,48.0
2023-03-16,122.0,1.6,26.3,66.6,27.5,985.2,0.8,,53.0
2023-03-17,355.0,0.7,26.8,63.2,28.1,983.9,0.0,,41.0
2023-03-18,55.0,1.7,26.2,69.3,27.6,982.7,4.8,,51.0
2023-03-19,179.0,1.0,26.3,64.4,27.4,982.2,0.0,,34.0
2023-03-20,35.0,0.8,27.8,59.7,29.1,981.2,0.0,,32.0
2023-03-21,23.0,1.1,28.6,56.8,30.0,980.4,0.0,,39.0
2023-03-22,194.0,1.5,32.5,39.5,33.0,979.1,0.0,,42.0
2023-03-25,71.0,0.1,25.7,58.4,26.6,980.0,0.0,,129.0
2023-03-26,,,29.4,49.7,30.2,979.7,0.0,,119.0
2023-03-27,181.0,1.0,31.9,40.3,32.1,980.3,0.0,,99.0
2023-03-28,,,26.2,60.9,27.2,982.0,0.0,,121.0
2023-03-29,,,30.2,45.1,30.5,981.6,0.0,,94.0
2023-03-30,,,29.4,47.4,29.9,980.0,0.0,,103.0
2023-03-31,,,29.4,50.7,30.4,980.3,0.0,,148.0
2023-04-01,,,30.3,51.3,31.7,979.8,0.0,,148.0
2023-04-02,,,31.3,40.0,31.3,979.1,0.0,,86.0
2023-04-03,,,32.0,38.7,32.0,979.5,0.0,,64.0
2023-04-04,,,27.3,46.5,27.5,978.4,0.0,,92.0
2023-04-05,,,28.5,47.4,28.8,980.0,0.0,,172.0
2023-04-06,,,29.5,49.0,30.1,980.6,0.0,,185.0
2023-04-07,,,30.9,50.4,32.6,982.1,0.0,,182.0
2023-04-08,,,31.5,51.9,33.9,983.6,0.0,,113.0
2023-04-09,,,31.1,54.9,33.9,982.8,0.0,,80.0
2023-04-10,,,31.8,48.7,33.7,981.2,0.0,,72.0
2023-04-11,,,31.9,47.9,33.6,980.2,0.0,,96.0
2023-04-12,67.0,0.4,31.4,50.8,33.5,979.3,0.0,,133.0
2023-04-13,157.0,0.6,32.1,50.3,34.6,979.1,0.0,,130.0
2023-04-14,162.0,0.6,32.1,43.4,33.1,979.0,0.0,,100.0
2023-04-15,22.0,0.5,31.8,45.6,33.0,978.7,0.0,,122.0
2023-04-16,184.0,0.9,32.2,52.3,35.3,978.8,0.0,,119.0
2023-04-17,175.0,1.1,32.8,45.6,34.7,980.2,0.0,,82.0
2023-04-18,166.0,0.7,32.8,45.9,34.8,978.8,0.0,,89.0
2023-04-19,174.0,1.2,33.6,45.7,36.3,973.1,0.0,,91.0
2023-04-20,182.0,1.4,32.7,47.8,35.1,972.7,0.0,,93.0
2023-04-21,163.0,1.3,32.5,45.8,34.2,974.2,0.0,,91.0
2023-04-22,131.0,1.5,30.2,48.0,31.0,976.1,0.0,,60.0
2023-04-23,239.0,1.7,32.8,43.1,34.2,977.3,0.6,,55.0
2023-04-24,42.0,0.5,25.6,70.3,26.8,978.9,0.0,,37.0
2023-04-25,74.0,0.9,32.1,48.2,34.2,977.1,0.0,,61.0
2023-04-26,124.0,1.9,28.6,58.0,30.2,979.2,0.0,,48.0
2023-04-27,151.0,1.3,30.8,56.5,33.6,978.9,0.0,,30.0
2023-04-28,147.0,1.1,32.2,52.3,35.3,977.1,0.0,,38.0
2023-04-29,187.0,1.3,32.8,49.1,35.6,976.1,0.0,,44.0
2023-04-30,137.0,2.3,30.0,59.4,32.7,978.4,0.0,,34.0
2023-05-01,124.0,1.2,27.2,67.6,29.0,980.2,0.0,,36.0
2023-05-02,181.0,1.8,29.3,68.9,33.2,979.7,9.6,,63.0
2023-05-03,172.0,1.1,31.6,58.9,36.0,979.5,0.0,,32.0
2023-05-04,157.0,0.8,32.3,55.0,36.2,975.8,0.0,,37.0
2023-05-05,172.0,1.1,33.3,49.7,36.8,973.5,0.0,,48.0
2023-05-06,180.0,0.9,33.8,47.4,37.2,972.4,0.0,,52.0
2023-05-07,177.0,1.0,34.5,47.9,38.8,972.3,0.0,,51.0
2023-05-08,208.0,2.0,22.9,93.0,21.2,979.1,0.0,,46.0
2023-05-09,138.0,0.9,29.1,66.0,32.2,977.5,0.0,,17.0
2023-05-10,123.0,1.3,28.7,67.8,31.7,979.0,0.0,,19.0
2023-05-11,133.0,0.9,30.7,60.9,34.5,978.8,0.2,,21.0
2023-05-12,14.0,1.5,25.0,92.2,25.6,979.8,0.0,,20.0
2023-05-13,98.0,1.5,27.0,81.5,29.8,978.4,7.4,,16.0
2023-05-14,121.0,1.5,26.2,82.6,28.2,978.0,11.2,,17.0
2023-05-15,151.0,1.5,25.6,85.4,26.9,979.1,4.4,,22.0
2023-05-16,67.0,1.2,26.7,81.0,29.2,979.7,2.8,,23.0
2023-05-17,175.0,1.0,29.6,62.6,32.5,979.3,0.0,,23.0
2023-05-18,187.0,1.3,30.5,58.3,33.4,977.9,0.0,,35.0
2023-05-19,180.0,1.4,30.1,61.7,33.3,976.5,0.0,,33.0
2023-05-20,141.0,0.7,31.0,59.4,34.6,976.6,0.0,,31.0
2023-05-21,127.0,0.9,31.7,56.4,35.4,977.3,0.0,,36.0
2023-05-22,162.0,1.2,29.2,67.6,32.8,978.0,0.0,,27.0
2023-05-23,112.0,1.2,29.4,65.9,32.8,977.3,0.0,,24.0
2023-05-24,175.0,1.4,30.8,61.2,34.7,976.5,0.0,,23.0
2023-05-25,173.0,1.4,30.4,58.1,33.3,977.1,0.4,,29.0
2023-05-26,166.0,1.1,30.8,57.7,33.9,977.3,0.0,,31.0
2023-05-27,154.0,0.8,30.4,62.9,34.4,975.7,0.0,,28.0
2023-05-28,174.0,1.2,30.9,60.0,34.6,975.8,0.0,,34.0
2023-05-29,46.0,0.7,27.9,79.1,31.7,977.3,4.4,,25.0
2023-05-30,23.0,1.3,29.5,70.4,33.8,976.0,0.6,,22.0
2023-05-31,273.0,1.7,32.4,60.6,38.2,974.7,30.2,,18.0
2023-06-01,166.0,1.5,29.7,68.0,33.8,977.0,3.2,,18.6
2023-06-02,142.0,0.9,28.7,72.2,32.4,978.3,0.6,,17.4
2023-06-03,154.0,0.8,29.9,65.9,34.0,979.4,0.4,,20.3
2023-06-04,160.0,1.0,31.0,60.0,34.8,978.3,0.2,,20.6
2023-06-05,139.0,1.7,30.2,66.8,34.8,977.7,4.2,,16.1
2023-06-06,65.0,1.5,27.4,78.5,30.6,977.9,20.2,,16.8
2023-06-07,134.0,1.0,27.6,78.1,30.9,978.7,0.0,,16.7
2023-06-08,157.0,1.0,28.0,76.8,31.6,978.5,0.6,,14.9
2023-06-09,143.0,1.0,28.1,74.8,31.6,978.0,0.0,,16.5
2023-06-10,103.0,1.3,28.0,72.9,31.1,977.3,0.0,,19.2
2023-06-11,163.0,1.0,28.4,71.7,31.7,976.5,0.6,,20.4
2023-06-12,170.0,2.0,29.8,61.3,32.7,976.7,0.0,,21.6
2023-06-13,180.0,1.9,27.9,71.0,30.6,978.0,2.4,,18.7
2023-06-14,178.0,1.3,27.6,73.0,30.2,979.4,0.0,,16.9
2023-06-15,185.0,1.8,28.8,67.6,31.8,979.0,0.0,,18.2
2023-06-16,177.0,1.1,29.9,66.9,34.1,978.5,0.0,,16.3
2023-06-17,182.0,1.4,31.5,57.5,35.3,978.8,0.0,,16.0
2023-06-18,179.0,1.7,29.1,67.7,32.6,978.8,1.8,,14.8
2023-06-19,180.0,1.9,29.8,61.7,32.7,979.1,1.0,,15.6
2023-06-20,159.0,1.3,28.0,70.2,30.7,979.9,2.0,,14.8
2023-06-21,126.0,1.4,27.3,73.6,29.8,981.3,1.2,,13.5
2023-06-22,185.0,1.6,29.2,60.6,31.4,980.8,0.0,,13.3
2023-06-23,201.0,1.7,30.1,58.8,32.7,979.4,0.0,,14.7
2023-06-24,183.0,1.4,28.7,65.9,31.4,979.0,0.0,,12.8
2023-06-25,169.0,1.4,28.4,68.4,31.3,979.1,2.4,,13.0
2023-06-26,175.0,1.3,28.3,74.0,31.8,979.5,29.2,,12.5
2023-06-27,138.0,0.3,28.7,72.6,32.5,979.8,0.0,,12.7
2023-06-28,119.0,1.1,28.3,75.0,31.9,980.7,2.6,,14.4
2023-06-29,150.0,0.8,29.3,73.6,34.2,978.8,0.0,,13.0
2023-06-30,144.0,0.9,27.9,80.2,31.8,978.3,4.2,,12.7
2023-07-01,162.0,1.0,29.6,72.0,34.5,978.9,0.0,,12.1
2023-07-02,142.0,1.4,28.4,76.0,32.3,979.4,7.2,,10.3
2023-07-03,164.0,1.4,27.3,78.4,30.2,980.3,0.0,,11.3
2023-07-04,167.0,2.2,28.4,69.9,31.5,979.3,0.0,,10.3
2023-07-05,169.0,1.5,28.5,69.2,31.6,978.0,0.0,,12.1
2023-07-06,180.0,1.3,30.3,61.5,33.8,978.5,0.0,,11.9
2023-07-07,166.0,1.2,31.3,60.2,35.5,977.7,0.0,,11.8
2023-07-08,143.0,1.1,30.0,68.5,34.7,977.5,9.4,,14.0
2023-07-09,102.0,0.7,27.4,83.5,31.0,977.6,13.2,,15.3
2023-07-10,150.0,1.6,28.4,71.8,31.8,977.9,0.0,,21.2
2023-07-11,117.0,1.4,27.0,79.8,29.7,978.3,9.8,,12.9
2023-07-12,31.0,1.2,27.3,79.5,30.4,978.6,0.0,,14.0
2023-07-13,196.0,1.6,29.8,61.8,32.8,977.7,0.0,,11.9
2023-07-14,191.0,1.8,30.1,60.3,33.0,976.6,0.0,,12.1
2023-07-15,238.0,2.1,30.0,59.7,32.8,975.4,0.8,,13.3
2023-07-16,47.0,1.6,27.4,77.1,30.3,973.6,0.8,,12.7
2023-07-17,123.0,1.1,27.8,79.9,31.7,972.2,40.4,,12.6
2023-07-18,181.0,1.3,28.7,73.6,32.8,971.9,0.4,,14.4
2023-07-19,150.0,1.6,29.2,70.9,33.3,972.9,0.0,,13.0
2023-07-20,119.0,1.1,29.0,70.2,32.7,975.4,0.0,,12.4
2023-07-21,36.0,1.3,29.2,70.9,33.3,977.5,0.0,,13.6
2023-07-22,150.0,0.9,30.2,66.0,34.7,978.1,0.0,,12.2
2023-07-23,144.0,0.9,28.2,74.4,31.6,977.3,7.6,,13.6
2023-07-24,14.0,1.0,28.0,75.7,31.4,976.6,9.0,,15.1
2023-07-25,157.0,1.0,28.8,70.8,32.4,977.1,0.0,,14.1
2023-07-26,176.0,1.3,29.9,64.4,33.6,976.5,0.0,,13.0
2023-07-27,215.0,2.2,30.7,58.2,33.9,974.6,0.0,,11.6
2023-07-28,210.0,2.3,30.4,59.8,33.6,972.5,0.0,,11.6
2023-07-29,157.0,1.0,26.9,82.9,29.9,972.8,15.6,,11.0
2023-07-30,156.0,2.6,28.7,72.4,32.6,972.8,0.8,,12.0
2023-07-31,132.0,0.9,25.6,89.7,27.0,975.4,12.2,,11.6
2023-08-01,84.0,0.8,26.1,88.8,28.3,975.8,1.0,,15.8
2023-08-02,165.0,1.0,27.1,81.1,30.0,975.5,0.6,,17.5
2023-08-03,180.0,1.5,27.8,75.0,31.0,975.7,0.0,,15.1
2023-08-04,173.0,1.5,27.0,77.4,29.4,977.7,1.6,,15.5
2023-08-05,157.0,1.2,26.2,83.6,28.1,978.0,6.6,,15.6
2023-08-06,165.0,1.3,26.2,82.3,28.2,976.0,6.4,,16.4
2023-08-07,173.0,1.4,24.7,90.5,25.0,975.5,5.4,,13.8
2023-08-08,156.0,0.6,24.0,95.0,23.1,977.0,18.6,,13.4
2023-08-09,180.0,0.9,25.5,87.0,26.8,978.0,1.2,,13.4
2023-08-10,179.0,1.1,28.1,71.9,31.1,977.4,0.0,,15.9
2023-08-11,177.0,1.2,28.7,65.4,31.4,975.6,0.0,,18.8
2023-08-12,183.0,1.1,29.3,62.8,32.0,975.2,0.0,,25.2
2023-08-13,178.0,1.2,29.9,61.9,33.0,975.1,0.0,,27.0
2023-08-14,164.0,1.5,28.9,67.0,31.9,975.3,0.0,,25.5
2023-08-15,183.0,0.9,29.1,66.8,32.4,975.8,0.0,,20.2
2023-08-16,125.0,1.1,27.5,80.1,31.0,976.6,9.0,,16.0
2023-08-17,144.0,1.2,28.2,73.6,31.6,977.2,0.0,,14.2
2023-08-18,183.0,1.0,29.6,64.2,32.9,976.5,0.0,,13.3
2023-08-19,191.0,1.4,29.9,64.0,33.5,975.7,0.0,,14.9
2023-08-20,130.0,1.4,28.8,71.4,32.5,975.6,0.6,,14.6
2023-08-21,137.0,0.9,28.6,72.1,32.2,976.5,0.0,,14.6
2023-08-22,153.0,1.1,28.5,72.9,32.1,976.7,0.0,,16.5
2023-08-23,173.0,1.9,30.4,62.8,34.2,975.7,0.0,,11.6
2023-08-24,181.0,1.6,29.6,66.3,33.2,976.5,0.0,,13.7
2023-08-25,179.0,1.4,28.5,70.7,31.8,976.5,0.0,,12.7
2023-08-26,181.0,2.2,29.5,62.4,32.3,976.4,0.0,,12.2
2023-08-27,174.0,1.3,28.4,64.0,30.5,975.8,0.0,,14.8
2023-08-28,178.0,1.0,28.8,65.6,31.6,974.6,0.0,,17.6
2023-08-29,159.0,1.0,29.6,65.0,33.1,974.4,0.0,,15.0
2023-08-30,47.0,0.8,26.6,84.4,29.1,975.9,0.8,,18.7
2023-09-01,123.0,0.9,30.2,68.7,35.3,975.4,0.0,,16.3
2023-09-02,108.0,1.2,27.2,81.3,30.3,975.4,18.2,,13.7
2023-09-03,50.0,1.2,28.8,72.9,32.7,973.7,0.0,,13.4
2023-09-04,35.0,1.4,28.4,72.6,31.9,973.2,0.0,,17.0
2023-09-05,349.0,1.4,25.5,90.3,26.7,975.6,75.2,,15.0
2023-09-06,102.0,0.7,25.8,88.3,27.6,977.6,8.0,,11.5
2023-09-07,98.0,0.8,25.7,88.3,27.2,977.9,5.6,,11.2
2023-09-08,125.0,0.8,27.2,83.8,30.5,976.8,41.8,,11.0
2023-09-09,129.0,1.0,26.6,89.0,29.5,975.0,5.6,,11.7
2023-09-10,163.0,0.4,26.1,88.7,28.3,975.3,2.0,,11.5
2023-09-11,169.0,1.1,27.1,78.9,29.9,976.1,1.4,,9.8
2023-09-12,168.0,1.2,27.0,77.7,29.5,976.9,0.8,,11.4
2023-09-13,124.0,1.0,25.6,86.0,26.9,978.1,6.2,,10.5
2023-09-14,172.0,0.8,26.6,84.0,29.1,976.8,25.4,,11.1
2023-09-15,58.0,0.5,26.4,86.6,29.0,976.5,0.4,,10.6
2023-09-16,59.0,1.1,25.4,89.3,26.7,976.5,31.2,,9.9
2023-09-17,31.0,0.3,24.7,93.4,24.8,977.4,21.6,,11.5
2023-09-18,53.0,0.5,25.0,90.4,25.6,979.8,5.4,,10.5
2023-09-19,125.0,0.0,26.2,85.5,28.3,980.9,0.0,,11.6
2023-09-20,138.0,0.2,27.3,78.1,30.3,980.5,0.0,,12.8
2023-09-21,90.0,0.3,27.3,81.8,30.7,979.0,1.8,,12.9
2023-09-22,121.0,0.3,27.7,82.0,31.7,978.9,0.0,,13.4
2023-09-23,93.0,0.3,28.1,76.8,31.9,978.5,0.0,,14.0
2023-09-24,98.0,0.5,28.9,73.3,33.1,977.2,0.0,,17.5
2023-09-25,64.0,0.5,26.8,83.3,29.6,976.8,0.8,,18.1
2023-09-26,87.0,0.8,27.2,82.3,30.4,975.8,6.0,,16.7
2023-09-27,55.0,0.9,24.4,95.6,24.0,974.9,32.2,,13.8
2023-09-28,58.0,1.3,24.9,89.9,25.4,977.5,31.6,,12.4
2023-09-29,30.0,0.9,23.3,96.8,21.4,980.3,53.4,,10.3
2023-09-30,105.0,0.3,25.0,92.2,25.7,980.2,10.6,,12.8
2023-10-01,161.0,0.6,26.7,82.1,29.3,979.2,0.0,,13.2
2023-10-02,139.0,0.5,26.9,81.4,29.7,979.8,1.0,,12.6
2023-10-03,92.0,0.3,27.5,79.5,30.7,979.5,0.0,,12.7
2023-10-04,53.0,0.6,28.0,78.7,31.8,978.9,0.0,,14.2
2023-10-05,45.0,0.6,26.3,85.1,28.6,977.9,5.8,,14.2
2023-10-06,85.0,0.1,26.0,90.4,28.1,978.3,8.6,,12.8
2023-10-07,157.0,0.4,24.7,92.1,24.9,979.1,33.6,,12.7
2023-10-08,76.0,0.8,25.4,88.3,26.6,980.1,2.6,,12.1
2023-10-09,28.0,0.5,24.3,93.0,23.9,981.5,38.4,,13.3
2023-10-10,57.0,0.4,25.4,88.6,26.6,982.1,0.8,,13.8
2023-10-11,232.0,0.5,25.0,89.2,25.6,983.3,25.0,,14.3
2023-10-12,41.0,0.5,26.0,84.0,27.9,983.6,0.4,,13.5
2023-10-13,105.0,0.3,25.5,86.8,26.8,982.5,25.0,,14.3
2023-10-14,164.0,0.4,25.2,85.3,26.2,980.8,59.6,,13.5
2023-10-15,95.0,0.6,26.2,84.5,28.2,979.9,0.0,,10.8
2023-10-16,77.0,0.4,24.8,90.5,25.3,981.8,6.2,,12.7
2023-10-17,72.0,0.2,26.1,81.8,28.0,981.9,0.0,,16.5
2023-10-18,95.0,0.3,26.5,80.5,28.8,981.5,0.0,,20.2
2023-10-19,116.0,0.3,27.1,80.9,30.1,981.3,0.0,,21.7
2023-10-20,90.0,1.0,26.6,81.3,29.1,982.2,4.4,,18.7
2023-10-21,23.0,0.9,26.7,81.5,29.3,984.1,2.8,,17.6
2023-10-22,64.0,0.8,25.4,83.6,26.5,984.3,21.8,,19.2
2023-10-23,126.0,0.5,25.2,88.2,26.1,986.0,0.0,,20.0
2023-10-24,68.0,0.3,26.0,82.7,27.8,985.7,0.0,,20.2
2023-10-25,62.0,0.3,26.6,81.1,28.9,985.2,0.0,,19.7
2023-10-26,73.0,0.4,26.4,84.5,28.6,985.0,0.0,,19.0
2023-10-27,61.0,0.8,26.1,83.2,28.0,984.5,0.6,,15.2
2023-10-28,90.0,0.5,25.5,86.2,26.8,984.7,1.2,,14.0
2023-10-29,54.0,0.2,24.0,92.4,23.3,986.1,0.0,,12.7
2023-11-15,93.0,0.2,25.5,79.4,26.8,988.3,0.0,,16.2
2023-11-16,53.0,1.1,26.4,74.3,28.1,989.8,0.0,,17.4
2023-11-17,26.0,2.3,22.7,71.8,23.8,991.6,0.0,,14.6
2023-11-18,40.0,0.9,22.8,68.6,24.1,990.2,0.0,,20.8
2023-11-19,51.0,0.9,22.4,69.2,23.8,989.1,0.0,,28.9
2023-11-20,69.0,0.6,22.5,73.5,23.4,988.2,0.0,,28.7
2023-11-21,85.0,0.3,22.9,76.3,23.4,985.8,0.0,,31.6
2023-11-22,102.0,0.3,23.5,77.5,24.0,984.9,0.0,,27.9
2023-11-23,90.0,0.5,23.1,77.1,23.5,985.8,0.0,,24.9
2023-11-24,96.0,0.4,23.5,77.6,23.9,987.0,0.0,,25.1
2023-11-25,51.0,0.5,23.6,77.5,24.1,987.8,0.0,,25.9
2023-11-26,57.0,0.9,23.5,74.9,24.2,988.4,0.0,,28.5
2023-11-27,46.0,0.9,23.5,73.6,24.3,987.4,0.0,,29.2
2023-11-28,50.0,0.8,22.8,72.6,23.8,986.8,0.0,,28.1
2023-11-29,70.0,0.6,23.4,74.8,24.0,987.2,0.0,,34.9
2023-11-30,87.0,0.3,23.6,77.9,24.0,987.9,0.0,,50.5
2023-12-01,67.0,0.5,24.9,77.2,25.8,986.9,0.0,,40.2
2023-12-02,88.0,0.5,24.7,80.1,25.4,987.1,0.0,,28.4
2023-12-03,89.0,0.4,25.1,78.5,26.0,986.7,0.0,,21.2
2023-12-04,142.0,0.5,25.1,77.9,26.0,985.7,0.0,,20.5
2023-12-05,120.0,0.3,25.3,77.7,26.3,985.2,0.0,,21.8
2023-12-06,128.0,0.2,25.9,76.9,27.4,985.8,0.0,,25.1
2023-12-07,67.0,0.6,25.3,81.0,26.5,985.8,0.0,,25.4
2023-12-08,138.0,0.5,25.1,79.9,26.0,985.4,0.0,,25.0
2023-12-09,96.0,0.4,26.3,76.1,28.0,983.5,0.0,,35.0
2023-12-10,100.0,0.4,26.5,77.2,28.5,983.0,0.0,,31.4
2023-12-11,155.0,0.3,26.2,77.8,27.9,984.2,0.0,,32.6
2023-12-12,129.0,0.4,25.8,77.8,27.2,984.5,0.0,,39.5
2023-12-13,144.0,0.4,25.1,78.5,26.1,986.4,0.0,,40.3
2023-12-14,131.0,0.5,24.5,78.0,25.2,986.9,0.0,,44.4
2023-12-15,102.0,0.3,24.0,76.4,24.6,986.0,0.0,,35.2
2023-12-16,121.0,0.3,23.9,75.8,24.5,986.3,0.0,,32.9
2023-12-17,131.0,0.4,23.9,77.8,24.4,987.2,0.0,,
2023-12-18,90.0,0.2,23.5,78.5,23.8,987.8,0.0,,
2023-12-19,114.0,0.2,23.3,73.9,24.0,987.6,0.0,,23.0
2023-12-20,112.0,0.4,23.3,74.1,24.0,987.1,0.0,,26.5
2023-12-21,83.0,1.1,24.1,69.7,25.0,988.5,0.0,,23.5
2023-12-22,38.0,1.8,20.6,67.9,23.5,992.3,0.0,,18.0
2023-12-23,39.0,1.7,19.3,69.1,23.4,993.4,0.0,,27.3
2023-12-24,32.0,1.6,20.3,64.0,24.0,993.5,0.0,,32.6
2023-12-25,35.0,1.5,20.5,66.3,23.7,991.9,0.0,,37.8
2023-12-26,82.0,0.5,19.7,76.2,22.0,991.9,0.0,,44.3
2023-12-27,115.0,0.4,21.4,73.0,22.9,990.7,0.0,,47.1
2023-12-28,105.0,0.4,22.6,71.8,23.7,989.2,0.0,,52.3
2023-12-29,85.0,0.4,21.9,70.9,23.4,987.9,0.0,,38.7
2023-12-30,133.0,0.4,21.4,71.8,23.1,987.1,0.0,,34.6
2023-12-31,92.0,0.5,21.8,72.1,23.2,986.7,0.0,,32.6
2024-01-01,80.0,0.5,21.1,75.9,22.3,986.9,0.0,,35.4
2024-01-02,82.0,0.6,22.1,71.0,23.5,986.3,0.0,,21.7
2024-01-03,91.0,0.5,22.6,71.9,23.7,986.1,0.0,,27.4
2024-01-04,123.0,0.7,22.8,69.7,24.0,986.8,0.0,,32.6
2024-01-05,113.0,0.6,23.6,68.0,24.7,986.8,0.0,,32.4
2024-01-06,56.0,0.7,24.3,68.5,25.3,986.7,0.0,,31.0
2024-01-07,170.0,1.0,26.4,61.8,27.4,986.6,0.0,,34.8
2024-01-08,107.0,0.5,25.0,69.6,26.0,985.1,0.0,,41.7
2024-01-09,85.0,0.7,25.0,69.9,26.0,984.1,0.0,,49.1
2024-01-10,33.0,0.6,24.9,68.2,25.9,983.8,0.0,,46.0
2024-01-11,141.0,0.6,25.8,69.4,26.9,984.2,0.0,,55.2
2024-01-12,77.0,0.5,24.8,72.4,25.7,,0.0,,51.2
2024-01-13,83.0,0.5,25.0,75.1,25.9,,0.0,,52.6
2024-01-14,103.0,0.6,24.6,75.7,25.4,,0.0,,52.1
2024-01-15,130.0,0.8,24.5,71.0,25.4,,0.0,,36.1
2024-01-16,112.0,0.7,24.4,68.7,25.3,,0.0,,33.0
2024-01-17,137.0,0.8,24.1,67.8,25.1,,0.0,,29.7
2024-01-18,128.0,0.7,24.3,69.5,25.2,,0.0,,35.4
2024-01-19,75.0,0.6,23.8,64.6,25.0,,0.0,,40.1
2024-01-20,58.0,0.6,22.0,58.8,24.5,,0.0,,38.8
2024-01-21,147.0,1.3,21.8,56.4,24.7,,0.0,,45.9
2024-01-22,81.0,0.6,20.8,62.4,24.2,,0.0,,56.8
2024-01-23,125.0,1.0,22.7,63.1,24.5,,0.0,,63.6
2024-01-24,190.0,0.9,23.9,63.7,25.1,,0.0,,57.8
2024-01-25,116.0,1.6,22.2,65.0,24.1,,0.0,,44.2
2024-01-26,118.0,0.5,19.4,86.6,19.2,,1.4,,44.8
2024-01-27,51.0,0.7,22.4,78.2,22.8,,0.0,,47.2
2024-01-28,77.0,0.6,21.8,88.0,20.6,,9.2,,41.1
2024-01-29,115.0,0.8,22.5,82.1,22.4,,0.4,,38.4
2024-01-30,138.0,0.7,21.6,85.3,21.0,,0.0,,34.6
2024-01-31,114.0,0.3,22.6,76.8,23.2,,0.0,,25.9
2024-02-01,46.0,0.6,22.4,65.9,24.1,,0.0,,19.5
2024-02-02,29.0,0.6,23.5,62.5,24.9,,0.0,,29.4
2024-02-03,110.0,0.6,23.4,59.1,25.0,,0.0,,34.2
2024-02-04,126.0,0.4,22.6,61.5,24.5,,0.0,,66.7
2024-02-05,71.0,0.6,22.3,60.9,24.5,,0.0,,84.0
2024-02-06,132.0,0.4,22.8,61.8,24.6,,0.0,,69.9
2024-02-07,142.0,0.3,23.2,62.3,24.7,984.3,0.0,,73.2
2024-02-08,147.0,0.5,24.5,60.9,25.6,983.9,0.0,,70.5
2024-02-09,122.0,1.0,26.0,64.4,27.1,985.6,0.0,,85.8
2024-02-10,98.0,2.5,26.2,67.2,27.5,989.6,0.0,,81.2
2024-02-11,42.0,1.2,23.6,68.1,24.7,992.1,0.0,,54.8
2024-02-12,134.0,0.6,24.1,66.6,25.2,990.3,0.0,,56.7
2024-02-13,91.0,0.7,24.6,59.2,25.7,988.1,0.0,,56.9
2024-02-14,109.0,0.7,25.4,56.7,26.3,986.6,0.0,,59.5
2024-02-15,139.0,0.5,25.1,57.8,26.0,986.9,0.0,,81.8
2024-02-16,139.0,0.7,26.2,57.1,27.0,985.5,0.0,,88.2
2024-02-17,148.0,0.8,25.9,61.6,26.8,983.7,0.0,,100.4
2024-02-18,170.0,1.0,26.0,60.0,26.9,984.1,0.0,,79.7
2024-02-19,167.0,1.1,26.4,60.4,27.4,983.8,0.0,,84.8
2024-02-20,158.0,1.7,27.1,53.1,27.7,982.6,0.0,,57.9
2024-02-21,174.0,0.7,27.2,46.4,27.4,983.4,0.0,,42.4
2024-02-22,8.0,0.8,26.2,54.8,26.9,984.4,0.0,,87.3
2024-02-23,174.0,1.0,26.6,58.7,27.5,984.9,0.0,,89.2
2024-02-24,118.0,0.9,27.9,52.2,28.5,984.9,0.0,,63.5
2024-02-25,30.0,0.9,28.0,51.0,28.5,984.8,0.0,,94.1
2024-02-26,42.0,1.0,28.7,59.8,30.4,984.4,0.0,,85.2
2024-02-27,139.0,1.1,29.0,63.1,31.5,983.6,0.0,,68.2
2024-02-28,144.0,1.2,28.8,61.2,30.8,982.3,0.0,,66.3
2024-02-29,146.0,0.9,28.3,54.7,29.3,983.0,0.0,,61.4
2024-03-01,152.0,0.7,28.9,52.8,29.8,983.2,0.0,,72.1
2024-03-02,146.0,1.5,28.9,65.2,31.6,983.5,0.4,,72.1
2024-03-03,163.0,1.5,28.6,59.0,30.3,982.4,0.0,,55.1
2024-03-04,135.0,0.8,28.4,47.0,28.7,981.8,0.0,,51.1
2024-03-05,53.0,0.8,28.3,43.8,28.2,980.7,0.0,,72.1
2024-03-06,80.0,0.5,27.8,47.9,28.0,980.4,0.0,,150.5
2024-03-07,77.0,0.3,27.2,56.8,28.1,980.8,0.0,,185.0
2024-03-08,165.0,1.0,29.5,56.3,31.3,981.2,0.0,,136.6
2024-03-09,159.0,2.0,29.7,57.3,31.9,982.2,0.0,,74.3
2024-03-10,154.0,0.8,28.1,52.8,28.9,982.2,0.0,,70.2
2024-03-11,166.0,1.0,29.4,51.5,30.4,981.7,0.0,,92.4
2024-03-12,169.0,1.9,29.2,55.1,30.7,980.9,0.0,,96.7
2024-03-13,164.0,1.8,28.9,46.7,29.2,980.3,0.0,,61.6
2024-03-14,29.0,0.7,27.5,46.5,27.6,980.0,0.0,,104.6
2024-03-15,135.0,0.5,27.7,53.0,28.4,980.6,0.0,,159.6
2024-03-16,149.0,0.9,29.4,50.1,30.2,980.8,0.0,,135.3
2024-03-17,137.0,0.6,29.9,55.4,31.8,980.4,0.0,,104.3
2024-03-18,193.0,0.9,30.7,53.6,32.8,981.1,0.0,,97.1
2024-03-19,71.0,1.7,28.3,68.4,30.9,984.9,17.4,,81.5
2024-03-20,126.0,0.9,26.4,72.9,28.0,988.0,0.0,,40.8
2024-03-21,166.0,1.2,28.4,63.5,30.6,983.6,0.0,,25.6
2024-03-22,79.0,1.3,28.1,66.6,30.5,980.5,0.0,,36.8
2024-03-23,161.0,1.6,28.7,52.2,29.6,981.1,0.0,,41.1
2024-03-24,133.0,0.7,28.4,45.6,28.5,983.3,0.0,,54.8
2024-03-25,77.0,0.8,28.1,46.7,28.2,983.4,0.0,,63.1
2024-03-26,178.0,0.7,30.0,46.9,30.6,984.9,0.0,,73.1
2024-03-27,170.0,0.9,30.4,56.0,32.8,985.0,0.0,,53.1
2024-03-28,162.0,0.6,30.8,50.0,32.3,982.5,0.0,,47.5
2024-03-29,168.0,1.4,31.2,49.2,32.8,982.7,0.0,,61.6
2024-03-30,146.0,1.3,31.2,44.8,32.0,983.3,0.0,,72.6
2024-03-31,160.0,1.1,31.4,42.4,31.9,981.7,0.0,,89.4
2024-04-01,156.0,0.8,31.6,44.3,32.5,979.5,0.0,,109.9
2024-04-02,154.0,0.6,32.0,46.9,33.7,978.8,0.0,,105.9
2024-04-03,169.0,0.9,32.4,48.3,34.7,979.3,0.0,,103.0
2024-04-04,159.0,0.7,32.8,48.3,35.5,979.0,0.0,,108.7
2024-04-05,156.0,0.6,32.7,54.1,36.9,978.6,0.0,,120.8
2024-04-06,157.0,0.9,33.2,57.0,38.8,978.9,0.0,,102.9
2024-04-07,184.0,0.9,32.6,59.3,38.3,979.2,0.0,,96.9
2024-04-08,169.0,0.5,33.0,53.9,37.4,980.5,0.0,,87.5
2024-04-09,162.0,2.0,32.0,53.3,35.3,981.9,0.0,,86.4
2024-04-10,202.0,1.8,29.0,65.6,31.9,984.5,8.4,,53.0
2024-04-11,144.0,0.4,30.7,56.3,33.4,983.3,0.0,,34.8
2024-04-12,207.0,1.6,29.8,63.9,33.2,982.6,23.0,,46.1
2024-04-13,133.0,0.4,30.4,59.0,33.4,981.6,0.0,,28.0
2024-04-14,165.0,0.9,30.5,58.6,33.5,982.1,0.0,,58.2
2024-04-15,171.0,1.1,30.7,54.4,33.1,982.3,0.0,,37.8
2024-04-16,165.0,0.7,31.1,57.7,34.6,980.3,0.0,,37.9
2024-04-17,168.0,0.8,32.1,49.5,34.3,979.5,0.0,,42.7
2024-04-18,171.0,0.7,32.1,49.6,34.5,977.8,0.0,,71.0
2024-04-19,173.0,1.4,31.5,51.9,33.9,977.4,0.0,,81.6
2024-04-20,171.0,1.4,32.7,47.2,35.0,977.1,0.0,,52.8
2024-04-21,172.0,0.9,32.7,49.5,35.5,978.0,0.0,,53.1
2024-04-22,176.0,0.9,34.0,48.4,37.8,977.4,0.0,,68.7
2024-04-23,170.0,0.9,34.1,50.6,38.8,977.4,0.0,,73.6
2024-04-24,175.0,1.9,33.8,48.7,37.5,978.1,0.0,,60.2
2024-04-25,179.0,0.7,33.5,47.8,36.7,978.0,0.0,,59.7
2024-04-26,170.0,0.9,33.7,44.0,35.9,977.5,0.0,,66.3
2024-04-27,169.0,0.9,34.6,42.0,37.0,977.3,0.0,,63.4
2024-04-28,179.0,1.1,35.2,42.3,38.2,978.5,0.0,,79.6
2024-04-29,177.0,1.0,35.3,44.3,39.2,977.6,0.0,,76.7
2024-04-30,188.0,0.8,34.7,40.8,36.9,975.7,0.0,,66.7
2024-05-01,178.0,0.8,35.3,44.5,39.3,975.4,0.0,,72.8
2024-05-02,166.0,1.3,34.3,49.9,39.0,977.2,0.0,,104.2
2024-05-03,31.0,1.2,30.7,59.5,34.2,979.3,3.6,,81.8
2024-05-04,179.0,1.0,32.3,50.8,35.2,977.9,0.0,,60.4
2024-05-05,181.0,1.1,33.3,44.6,35.4,978.4,0.0,,53.3
2024-05-06,180.0,0.6,34.1,42.8,36.3,980.2,0.0,,82.3
2024-05-07,126.0,1.7,28.2,75.9,31.9,983.6,64.8,,64.2
2024-05-08,42.0,1.0,29.7,66.2,33.5,982.3,0.0,,30.2
2024-05-09,7.0,1.1,29.0,69.8,32.8,982.5,0.0,,41.0
2024-05-10,161.0,1.5,29.9,66.0,33.9,983.3,2.4,,24.5
2024-05-11,189.0,1.1,29.0,68.8,32.4,984.5,0.4,,15.4
2024-05-12,137.0,0.8,30.2,62.9,33.9,982.4,0.0,,17.3
2024-05-13,176.0,1.3,30.3,65.1,34.6,982.3,10.8,,18.9
2024-05-14,179.0,0.9,30.9,63.1,35.5,982.0,0.0,,15.5
2024-05-15,174.0,0.6,28.3,75.5,32.2,983.1,0.0,,23.5
2024-05-16,165.0,0.6,31.1,65.1,36.5,981.4,0.0,,28.6
2024-05-17,120.0,0.7,29.3,71.5,33.8,980.8,0.0,,24.8
2024-05-18,177.0,0.8,31.9,64.2,38.1,977.8,0.0,,23.2
2024-05-19,197.0,1.6,30.5,67.8,35.6,977.2,1.8,,20.9
2024-05-20,36.0,1.5,29.4,74.1,34.5,978.0,5.4,,17.1
2024-05-21,19.0,1.5,27.8,76.7,31.0,980.6,13.8,,13.4
2024-05-22,71.0,0.6,27.9,79.2,31.7,980.0,24.2,,9.7
2024-05-23,92.0,1.1,27.0,82.2,30.0,979.8,22.0,,11.2
2024-05-24,115.0,1.0,26.2,87.0,28.5,979.8,12.8,,9.0
2024-05-25,154.0,0.6,27.0,86.3,30.3,980.7,0.0,,9.7
2024-05-26,136.0,0.8,27.4,84.6,31.1,980.2,2.8,,10.9
2024-05-27,104.0,1.0,27.8,81.7,31.8,979.3,0.4,,11.8
2024-05-28,176.0,1.1,28.9,76.4,33.7,979.0,0.0,,14.4
2024-05-29,155.0,1.2,27.9,84.8,32.5,978.3,16.8,,12.3
2024-05-30,180.0,1.0,30.8,72.9,37.8,977.3,0.0,,12.3
2024-05-31,169.0,0.7,31.0,72.5,38.2,978.0,0.4,,14.4
2024-06-01,115.0,0.8,27.6,83.2,31.4,981.4,52.4,,14.3
2024-06-02,171.0,1.8,28.3,74.3,31.9,981.8,0.0,,10.8
2024-06-03,170.0,2.0,29.1,69.8,33.0,980.2,0.0,,9.4
2024-06-04,173.0,0.5,28.2,75.2,31.8,979.7,0.4,,10.3
2024-06-05,169.0,1.6,30.1,66.9,34.4,980.0,0.4,,13.6
2024-06-06,165.0,1.2,29.0,69.7,32.7,980.6,0.0,,10.1
2024-06-07,182.0,1.1,28.7,70.7,32.3,978.4,0.0,,10.6
2024-06-08,147.0,1.4,28.2,80.0,32.6,976.5,24.4,,12.1
2024-06-09,124.0,0.6,28.4,77.6,32.8,977.1,0.4,,14.9
2024-06-10,106.0,0.5,28.9,77.4,33.9,978.4,0.6,,13.9
2024-06-11,162.0,1.1,26.9,84.0,29.8,980.0,6.4,,10.7
2024-06-12,182.0,1.3,28.4,72.2,31.9,981.4,0.4,,9.4
2024-06-13,181.0,1.1,28.1,74.7,31.4,980.2,0.0,,9.0
2024-06-14,187.0,0.9,28.1,76.7,31.9,978.7,1.2,,10.9
2024-06-15,181.0,1.2,28.4,74.2,32.1,978.4,0.0,,10.8
2024-06-16,177.0,1.5,29.6,68.6,33.9,978.9,0.0,,12.0
2024-06-17,158.0,1.1,27.8,79.7,31.6,979.2,3.2,,10.8
2024-06-18,164.0,1.3,28.6,71.5,32.0,978.4,0.6,,10.8
2024-06-19,188.0,1.3,30.0,64.7,33.8,977.8,0.0,,11.7
2024-06-20,180.0,1.2,29.2,71.3,33.5,977.6,0.0,,11.5
2024-06-21,181.0,0.7,30.5,68.9,36.0,976.3,0.0,,11.3
2024-06-22,154.0,0.6,32.0,63.7,38.1,975.9,0.0,,12.9
2024-06-23,130.0,1.1,28.8,76.5,33.6,976.6,7.6,,12.2
2024-06-24,130.0,0.5,26.7,87.5,29.6,976.7,18.4,,9.0
2024-06-25,134.0,0.6,28.1,79.7,32.2,976.8,0.4,,10.3
2024-06-26,143.0,0.7,27.0,81.6,29.9,979.7,0.0,,9.9
2024-06-27,160.0,0.9,29.3,74.1,34.1,980.7,2.4,,10.1
2024-06-28,201.0,1.0,29.4,71.3,33.8,979.9,0.0,,10.2
2024-06-29,162.0,1.0,28.8,77.6,33.6,980.4,10.2,,10.7
2024-06-30,173.0,1.6,29.5,71.1,34.1,980.6,0.0,,10.1
2024-07-01,180.0,1.8,28.7,66.6,31.5,979.7,0.0,,11.1
2024-07-02,189.0,1.0,28.4,70.9,31.7,978.9,0.0,,10.6
2024-07-03,148.0,1.0,28.9,70.8,32.7,980.6,2.6,,12.4
2024-07-04,135.0,0.7,28.8,74.9,33.2,980.9,0.8,,10.6
2024-07-05,177.0,0.8,28.7,74.0,32.7,978.9,0.0,,9.1
2024-07-06,139.0,0.4,29.4,72.6,34.1,978.5,0.0,,9.6
2024-07-07,140.0,0.5,29.7,72.1,34.9,978.9,0.4,,10.9
2024-07-08,88.0,1.2,28.4,78.1,32.9,979.7,7.2,,11.7
2024-07-09,18.0,1.2,28.6,75.6,32.8,980.5,0.8,,10.5
2024-07-10,190.0,1.1,29.9,66.4,33.9,980.0,0.0,,11.1
2024-07-11,185.0,1.6,29.2,66.8,32.6,978.3,0.0,,10.5
2024-07-12,169.0,1.2,29.7,66.2,33.4,976.6,0.0,,10.9
2024-07-13,163.0,0.9,28.6,71.9,32.1,975.8,0.4,,10.5
2024-07-14,128.0,0.8,27.8,79.3,31.6,977.2,5.8,,9.9
2024-07-15,166.0,0.8,28.6,77.6,33.1,978.0,1.8,,10.6
2024-07-16,132.0,0.9,27.0,84.6,30.2,977.1,24.6,,10.5
2024-07-17,33.0,0.7,26.9,86.5,30.2,977.0,6.6,,8.9
2024-07-18,185.0,0.5,27.4,81.6,30.8,977.3,0.0,,8.5
2024-07-19,178.0,1.4,28.7,72.8,32.5,977.4,0.0,,8.6
2024-07-20,140.0,0.7,26.2,86.9,28.3,979.5,7.2,,9.4
2024-07-21,174.0,0.8,28.2,76.4,32.1,979.7,0.4,,10.0
2024-07-22,168.0,0.7,26.3,86.8,28.7,979.7,5.4,,10.7
2024-07-23,170.0,1.0,27.9,74.3,31.0,976.5,0.0,,12.0
2024-07-24,171.0,1.7,27.2,79.9,30.2,974.0,0.8,,10.3
2024-07-25,172.0,2.3,28.3,73.3,31.9,974.3,0.4,,9.6
2024-07-26,142.0,0.5,26.2,89.7,28.4,976.5,2.6,,9.7
2024-07-27,175.0,1.0,28.6,74.4,32.6,977.8,0.0,,10.5
2024-07-28,151.0,1.4,27.5,76.9,30.4,977.3,1.8,,9.5
2024-07-29,169.0,1.3,27.7,76.4,30.9,977.6,0.6,,9.2
2024-07-30,158.0,0.9,25.9,86.8,27.7,979.3,6.6,,9.9
2024-07-31,176.0,0.3,24.2,96.1,23.5,981.1,17.6,,9.0
2024-08-01,153.0,0.4,24.6,95.1,24.5,981.7,15.4,,8.4
2024-08-02,117.0,0.4,24.9,93.4,25.2,981.6,3.4,,8.8
2024-08-03,176.0,0.8,26.3,85.2,28.5,981.5,0.4,,10.8
2024-08-04,162.0,0.7,27.5,81.3,31.1,980.8,3.8,,9.9
2024-08-05,89.0,0.7,28.1,78.5,32.2,979.9,0.4,,9.3
2024-08-06,54.0,0.5,26.0,86.9,28.0,980.3,16.8,,8.0
2024-08-07,171.0,0.7,27.8,79.7,31.5,980.8,0.0,,9.0
2024-08-08,174.0,0.7,28.6,72.1,32.3,981.4,0.0,,9.8
2024-08-09,174.0,0.7,29.4,70.2,33.6,979.9,0.0,,10.5
2024-08-10,179.0,0.8,30.1,66.9,34.6,978.3,0.0,,10.9
2024-08-11,175.0,0.7,30.1,70.1,35.2,976.7,2.0,,10.4
2024-08-12,153.0,0.5,25.9,91.3,27.8,977.8,1.8,,10.6
2024-08-13,96.0,0.7,25.6,89.6,27.1,979.1,8.2,,9.1
2024-08-14,155.0,0.6,28.1,77.7,32.0,979.4,0.4,,10.2
2024-08-15,157.0,0.5,28.3,78.2,32.6,978.4,0.0,,10.9
2024-08-16,157.0,0.7,27.9,81.1,32.0,978.6,3.2,,9.5
2024-08-17,136.0,0.7,27.9,82.4,32.3,980.3,0.8,,8.8
2024-08-18,90.0,0.6,27.6,82.9,31.6,980.6,2.0,,8.8
2024-08-19,163.0,0.8,27.3,84.5,31.0,980.5,4.0,,9.0
2024-08-20,150.0,0.2,27.1,86.7,30.5,981.4,17.8,,8.8
2024-08-21,97.0,0.2,25.2,94.8,26.1,981.8,2.2,,8.6
2024-08-22,152.0,0.5,27.0,84.5,30.2,982.0,11.6,,8.5
2024-08-23,149.0,0.4,27.8,82.7,31.9,982.7,0.8,,8.2
2024-08-24,111.0,0.9,27.3,82.3,30.7,982.0,5.2,,8.5
2024-08-25,82.0,0.7,26.0,86.4,28.0,980.5,6.8,,9.1
2024-08-26,146.0,0.6,27.7,79.7,31.3,980.2,3.0,,9.7
2024-08-27,130.0,0.6,25.1,92.2,25.8,980.8,8.4,,8.7
2024-08-28,235.0,0.6,25.3,90.1,26.4,979.7,10.2,,8.7
2024-08-29,163.0,0.6,26.5,84.4,29.0,979.9,0.0,,8.5
2024-08-30,181.0,0.6,28.2,75.5,31.8,980.4,0.0,,9.9
2024-08-31,144.0,0.9,27.9,77.8,31.5,980.0,19.4,,9.4
2024-09-01,64.0,0.4,26.7,86.0,29.5,979.8,0.8,,9.5
2024-09-02,70.0,0.6,27.2,85.3,30.7,980.3,0.0,,9.6
2024-09-03,51.0,0.6,27.3,83.2,30.9,980.5,0.0,,8.5
2024-09-04,140.0,0.4,28.3,76.8,32.4,977.9,0.0,,9.5
2024-09-05,76.0,1.0,27.1,82.5,30.3,977.4,23.0,,10.1
2024-09-06,136.0,0.5,27.0,83.1,30.0,977.7,1.4,,8.8
2024-09-07,170.0,0.9,28.4,74.4,32.2,977.7,0.0,,11.1
2024-09-08,179.0,2.3,29.6,70.4,34.2,979.5,0.0,,9.4
2024-09-10,105.0,0.2,24.6,95.1,24.5,978.4,0.4,,8.5
2024-09-11,62.0,0.6,25.3,90.4,26.4,980.6,3.8,,8.8
2024-09-12,151.0,0.5,26.5,85.3,29.1,980.6,3.2,,9.2
2024-09-13,156.0,0.5,27.6,81.9,31.4,978.4,0.0,,9.2
2024-09-14,61.0,0.8,27.8,78.5,31.3,977.6,0.0,,10.6
2024-09-15,76.0,1.0,26.7,84.6,29.3,977.2,15.4,,10.9
2024-09-16,105.0,0.6,28.1,79.8,32.3,977.7,3.2,,10.8
2024-09-17,167.0,0.9,26.5,87.2,29.1,977.5,51.6,,11.6
2024-09-18,65.0,0.5,24.9,93.4,25.3,977.3,16.8,,9.7
2024-09-19,65.0,0.9,26.4,84.5,28.7,976.3,13.0,,10.1
2024-09-20,152.0,0.2,26.3,84.3,28.6,976.8,14.2,,11.3
2024-09-21,349.0,0.7,25.3,92.9,26.4,977.2,29.4,,9.8
2024-09-22,152.0,0.6,25.5,91.3,26.9,978.5,51.0,,7.6
2024-09-23,102.0,0.1,24.4,93.7,24.1,981.8,23.6,,7.6
2024-09-24,147.0,0.3,24.5,90.9,24.4,983.0,25.0,,7.5
2024-09-25,93.0,0.5,24.2,90.0,24.0,983.8,2.6,,7.5
2024-09-26,69.0,0.3,26.5,84.4,28.9,983.6,0.0,,8.8
2024-09-27,63.0,0.4,26.9,83.2,29.9,983.1,22.4,,8.8
2024-09-28,118.0,0.3,28.8,78.9,33.9,981.5,0.0,,10.1
2024-09-29,148.0,0.2,28.3,83.8,33.5,980.6,0.0,,11.3
2024-09-30,152.0,0.4,27.6,82.7,31.5,979.0,0.4,,10.6
2024-10-01,59.0,0.3,26.2,87.3,28.5,980.0,28.8,,8.4
2024-10-02,43.0,0.5,25.0,90.4,25.5,982.8,13.2,,8.3
2024-10-03,67.0,0.3,25.2,90.2,26.0,983.8,8.6,,7.2
2024-10-04,76.0,0.1,25.2,90.9,26.1,984.9,8.4,,10.4
2024-10-05,68.0,0.2,26.7,83.7,29.3,984.3,0.0,,11.9
2024-10-06,90.0,0.2,27.2,82.8,30.5,985.0,0.0,,15.3
2024-10-07,91.0,0.2,26.9,79.7,29.4,985.8,0.0,,21.1
2024-10-08,63.0,0.3,27.3,79.8,30.3,982.1,0.0,,19.1
2024-10-09,100.0,0.4,26.5,83.5,28.8,980.9,0.0,,20.7
2024-10-10,102.0,0.2,27.1,80.9,30.0,980.4,0.0,,20.3
2024-10-11,101.0,0.3,26.7,81.6,29.2,980.8,0.0,,22.0
2024-10-12,96.0,0.2,26.5,83.3,28.8,981.4,0.0,,23.3
2024-10-13,87.0,0.3,27.1,82.5,30.2,981.0,0.0,,21.4
2024-10-14,81.0,0.3,27.0,82.7,29.9,980.4,0.0,,18.1
2024-10-15,110.0,0.3,26.4,85.0,28.8,980.5,6.2,,17.0
2024-10-16,108.0,0.1,27.4,80.8,30.7,980.6,0.0,,14.7
2024-10-17,78.0,0.5,26.1,87.2,28.2,980.5,3.4,,13.8
2024-10-18,83.0,0.1,27.6,81.9,31.4,979.8,0.0,,13.3
2024-10-19,44.0,0.5,24.5,89.0,24.7,981.8,17.0,,13.0
2024-10-20,103.0,0.4,25.7,87.3,27.3,982.3,0.0,,8.4
2024-10-21,93.0,0.4,25.8,85.8,27.4,981.8,0.0,,10.2
2024-10-22,63.0,0.5,25.8,84.5,27.3,981.9,21.4,,9.5
2024-10-23,91.0,0.2,25.6,86.5,27.1,982.2,2.6,,11.5
2024-10-24,96.0,0.2,26.2,84.1,28.2,980.6,0.0,,14.1
2024-10-25,121.0,0.1,26.6,83.9,29.0,978.8,0.0,,17.3
2024-10-26,93.0,0.3,27.5,81.4,31.1,976.3,0.0,,15.9
2024-10-27,58.0,0.4,27.2,78.2,30.1,975.6,0.0,,15.1
2024-10-28,57.0,0.7,26.2,73.9,27.8,977.4,0.0,,14.7
2024-10-29,52.0,0.5,25.9,75.1,27.2,978.9,0.0,,13.8
2024-10-30,72.0,0.2,26.3,76.9,28.1,980.4,0.0,,12.8
2024-10-31,59.0,0.4,26.8,79.3,29.3,979.3,0.0,,15.0
2024-11-01,68.0,0.4,26.0,82.8,27.8,980.6,0.0,,17.9
2024-11-02,46.0,0.6,25.6,82.9,26.9,982.8,0.0,,17.7
2024-11-03,56.0,0.8,24.7,73.6,25.6,983.0,0.0,,19.9
2024-11-04,27.0,0.9,26.0,70.8,27.3,983.3,0.0,,20.7
2024-11-05,17.0,0.7,23.6,88.3,23.0,984.7,12.6,,17.9
2024-11-06,17.0,0.9,23.3,85.3,22.9,984.6,0.0,,15.3
2024-11-07,1.0,1.2,23.5,82.9,23.5,984.4,1.2,,21.8
2024-11-08,35.0,1.2,22.5,81.4,22.4,986.2,0.0,,12.2
2024-11-09,46.0,0.4,23.8,80.2,24.1,986.6,0.0,,16.4
2024-11-10,80.0,0.2,24.2,80.9,24.6,986.0,0.0,,22.9
2024-11-11,117.0,0.3,24.2,80.2,24.6,985.5,0.0,,23.3
2024-11-12,132.0,0.2,24.3,80.7,24.7,983.8,0.0,,22.2
2024-11-13,140.0,0.2,24.8,80.2,25.6,983.2,0.0,,24.3
2024-11-14,123.0,0.3,26.0,79.5,27.6,983.2,0.0,,24.1
2024-11-15,35.0,0.6,25.6,75.5,26.8,982.8,0.0,,21.0
2024-11-16,64.0,0.4,25.7,77.2,27.0,982.8,0.0,,18.3
2024-11-17,87.0,0.4,25.2,79.2,26.3,984.4,0.0,,17.3
2024-11-18,63.0,0.7,24.4,75.8,25.1,986.1,0.0,,19.8
2024-11-19,67.0,0.4,24.2,78.5,24.7,986.3,0.0,,17.0
2024-11-20,111.0,0.2,24.3,78.6,24.8,985.5,0.0,,16.6
2024-11-21,95.0,0.3,23.8,78.3,24.2,985.6,0.0,,19.9
2024-11-22,71.0,0.4,23.9,76.6,24.4,985.9,0.0,,21.5
2024-11-23,73.0,0.4,23.9,79.3,24.3,986.2,0.0,,22.6
2024-11-24,43.0,0.4,24.5,78.6,25.2,985.8,0.0,,19.3
2024-11-25,87.0,0.2,24.0,82.2,24.2,985.6,0.0,,19.3
2024-11-26,67.0,0.3,25.1,79.8,26.1,985.3,0.0,,18.3
2024-11-27,64.0,0.4,24.7,79.2,25.4,985.9,0.0,,15.7
2024-11-28,46.0,0.6,24.5,73.2,25.3,987.8,0.0,,15.8
2024-11-29,47.0,1.4,22.4,73.7,23.4,988.1,0.0,,18.8
2024-11-30,64.0,0.4,21.9,78.2,22.4,985.4,0.0,,25.9
2024-12-01,138.0,0.3,22.3,79.0,22.6,983.5,0.0,,28.2
2024-12-02,124.0,0.2,23.2,78.9,23.5,983.7,0.0,,30.3
2024-12-03,110.0,0.2,24.8,77.9,25.6,983.6,0.0,,28.1
2024-12-04,135.0,0.2,25.6,77.3,26.9,983.1,0.0,,27.2
2024-12-05,130.0,0.3,25.9,77.5,27.3,982.9,0.0,,31.8
2024-12-06,99.0,0.4,25.6,74.3,26.8,983.0,0.0,,30.9
2024-12-07,109.0,0.3,25.5,75.5,26.7,984.5,0.0,,28.6
2024-12-08,139.0,0.4,25.1,76.1,26.1,985.1,0.0,,25.3
2024-12-09,136.0,0.3,24.4,77.3,25.1,984.5,0.0,,21.1
2024-12-10,89.0,0.4,24.7,76.0,25.5,983.4,0.0,,24.0
2024-12-11,43.0,0.4,23.1,79.9,23.3,983.6,0.0,,24.6
2024-12-12,74.0,0.4,24.0,76.7,24.6,984.0,0.0,,24.4
2024-12-13,80.0,0.4,25.1,77.0,26.1,985.3,0.0,,21.6
2024-12-14,44.0,0.9,22.6,90.1,21.3,988.0,8.2,,17.9
2024-12-15,40.0,1.3,22.8,76.5,23.3,989.5,0.0,,10.7
2024-12-16,54.0,1.3,21.0,80.9,21.4,989.8,0.0,,9.1
2024-12-17,112.0,0.5,21.6,81.3,21.6,987.5,0.0,,15.1
2024-12-18,87.0,0.5,22.0,79.2,22.3,987.0,0.0,,22.1
2024-12-19,137.0,0.4,21.4,79.1,21.9,987.2,0.0,,24.8
2024-12-20,150.0,0.5,20.4,75.7,22.2,986.4,0.0,,27.9
2024-12-21,158.0,0.4,20.4,76.1,22.1,986.9,0.0,,31.5
2024-12-22,89.0,0.4,20.2,76.4,22.0,986.9,0.0,,32.9
2024-12-23,43.0,0.8,20.2,76.1,22.1,987.0,0.0,,34.0
2024-12-24,109.0,0.5,20.0,77.1,21.8,987.9,0.0,,34.9
2024-12-25,55.0,0.5,20.1,76.3,22.0,988.9,0.0,,36.0
2024-12-26,87.0,0.5,20.5,75.6,22.2,989.4,0.0,,35.0
2024-12-27,84.0,0.4,22.0,75.9,22.8,989.6,0.0,,35.8
2024-12-28,52.0,1.0,22.5,74.7,23.3,989.4,0.0,,28.1
2024-12-29,95.0,0.4,22.1,75.6,22.9,988.0,0.0,,24.0
2024-12-30,97.0,0.4,22.5,74.8,23.3,987.4,0.0,,25.3
2024-12-31,111.0,0.5,22.5,74.4,23.3,986.9,0.0,,26.3
2025-01-01,101.0,0.4,21.6,74.3,22.8,985.7,0.0,,30.6
2025-01-02,124.0,0.3,21.3,73.6,22.8,986.4,0.0,,29.6
2025-01-03,84.0,0.6,20.4,72.7,22.7,987.3,0.0,,30.0
2025-01-04,123.0,0.4,19.9,70.5,23.1,987.2,0.0,,31.2
2025-01-05,83.0,0.6,19.6,71.9,22.9,988.2,0.0,,39.4
2025-01-06,147.0,0.5,19.2,74.0,22.5,986.8,0.0,,43.6
2025-01-07,131.0,0.3,19.7,72.2,22.8,985.9,0.0,,45.3
2025-01-08,147.0,0.5,21.1,70.2,23.2,986.0,0.0,,46.4
2025-01-09,97.0,0.5,22.7,69.5,24.0,988.1,0.0,,52.8
2025-01-10,103.0,0.6,22.1,66.8,23.9,990.1,0.0,,39.8
2025-01-11,54.0,2.1,21.6,57.4,24.6,992.5,0.0,,36.0
2025-01-12,43.0,1.6,17.3,65.7,25.1,991.9,0.0,,34.5
2025-01-13,117.0,0.5,16.8,69.8,24.7,989.0,0.0,,38.6
2025-01-14,122.0,0.4,17.8,68.3,24.3,989.7,0.0,,43.8
2025-01-15,49.0,0.8,19.5,66.9,23.8,990.0,0.0,,40.3
2025-01-16,44.0,0.9,20.3,68.8,23.4,989.9,0.0,,34.2
2025-01-17,91.0,0.4,20.2,71.2,23.0,987.5,0.0,,33.4
2025-01-18,132.0,0.4,19.9,71.5,22.9,985.9,0.0,,35.2
2025-01-19,124.0,0.5,20.8,68.8,23.4,984.6,0.0,,38.6
2025-01-20,125.0,0.4,21.1,69.5,23.3,983.8,0.0,,45.1
2025-01-21,112.0,0.6,21.5,68.2,23.6,983.8,0.0,,49.6
2025-01-22,118.0,0.5,21.9,67.6,23.8,984.3,0.0,,50.7
2025-01-23,90.0,0.3,21.8,66.5,23.9,983.9,0.0,,51.0
2025-01-24,125.0,0.4,22.6,66.3,24.2,982.5,0.0,,53.7
2025-01-25,109.0,0.3,21.8,66.6,23.8,982.9,0.0,,48.1
2025-01-26,135.0,0.5,22.2,65.6,24.1,983.2,0.0,,47.5
2025-01-27,34.0,1.9,20.3,65.9,23.8,986.6,0.0,,40.8
2025-01-28,34.0,0.9,19.8,67.4,23.6,988.8,0.0,,29.3
2025-01-29,56.0,0.7,20.8,66.3,23.7,987.7,0.0,,44.7
2025-01-30,114.0,0.6,21.8,65.4,24.0,984.3,0.0,,44.6
2025-01-31,54.0,0.6,23.2,65.9,24.5,981.0,0.0,,43.2
2025-02-01,83.0,0.5,22.6,63.9,24.4,979.5,0.0,,44.9
2025-02-02,94.0,0.4,22.6,61.3,24.5,979.4,0.0,,37.9
2025-02-03,163.0,0.4,23.1,63.1,24.6,980.4,0.0,,46.7
2025-02-04,122.0,1.2,23.8,65.3,24.9,981.2,0.0,,52.8
2025-02-05,95.0,0.9,24.1,67.0,25.2,979.9,0.0,,46.2
2025-02-06,130.0,0.6,24.4,63.0,25.5,979.6,0.0,,45.7
2025-02-07,90.0,0.5,25.4,62.5,26.4,981.2,0.0,,48.1
2025-02-08,151.0,0.9,25.3,64.7,26.3,982.3,0.0,,46.1
2025-02-09,106.0,0.9,24.1,61.2,25.3,982.9,0.0,,36.8
2025-02-10,92.0,0.6,24.3,60.3,25.5,982.5,0.0,,36.5
2025-02-11,147.0,0.8,24.8,59.3,25.8,981.7,0.0,,48.4
2025-02-12,132.0,0.5,25.4,59.0,26.3,981.3,0.0,,55.2
2025-02-13,139.0,0.5,25.3,59.9,26.3,980.9,0.0,,64.0
2025-02-14,25.0,0.9,24.4,52.0,25.6,980.2,0.0,,66.3
2025-02-15,28.0,0.7,23.7,53.4,25.3,979.5,0.0,,62.6
2025-02-16,26.0,0.4,24.3,57.3,25.5,980.7,0.0,,77.5
2025-02-17,32.0,0.3,25.1,55.7,26.0,981.8,0.0,,78.8
2025-02-18,100.0,1.0,26.7,60.2,27.7,982.1,0.0,,74.6
2025-02-19,83.0,0.9,26.4,67.9,27.7,981.9,8.8,,44.7
2025-02-20,77.0,0.9,26.9,64.8,28.3,982.1,0.0,,42.3
2025-02-21,104.0,1.5,26.1,67.0,27.3,983.1,0.0,,38.0
2025-02-22,21.0,0.8,27.3,58.8,28.4,983.2,0.0,,30.2
2025-02-23,29.0,2.1,26.4,68.6,27.8,984.8,9.0,,32.5
2025-02-24,116.0,0.4,25.0,73.5,25.9,987.2,0.0,,21.2
2025-02-25,128.0,0.9,23.2,74.5,23.9,988.5,0.0,,17.5
2025-02-26,71.0,0.7,25.5,67.6,26.6,985.4,0.0,,12.0
2025-02-27,54.0,0.6,27.6,60.8,29.0,982.3,0.0,,15.8
2025-02-28,112.0,0.7,29.2,56.8,30.9,980.7,0.0,,20.6
2025-03-01,144.0,0.6,28.7,59.0,30.4,978.7,0.0,,26.2
2025-03-02,20.0,0.6,28.1,50.6,28.7,977.6,0.0,,31.0
2025-03-03,39.0,0.4,27.3,49.7,27.7,977.5,0.0,,45.5
2025-03-04,24.0,0.5,26.8,50.6,27.3,976.8,0.0,,57.5
2025-03-05,136.0,0.4,26.5,53.7,27.1,977.1,0.0,,69.3
2025-03-06,51.0,0.6,27.3,50.6,27.8,978.4,0.0,,67.2
2025-03-07,131.0,1.7,28.6,58.4,30.2,979.0,0.0,,59.9
2025-03-08,126.0,1.6,25.9,68.4,27.1,982.0,0.0,,37.3
2025-03-09,111.0,0.4,25.9,69.3,27.1,983.8,0.0,,29.5
2025-03-10,73.0,0.6,28.6,58.1,30.2,982.3,0.0,,30.2
2025-03-11,48.0,1.1,29.2,55.7,30.7,979.8,0.0,,38.9
2025-03-12,46.0,0.7,28.5,59.3,30.1,977.9,0.0,,40.5
2025-03-13,155.0,1.3,30.6,55.2,33.1,978.3,0.0,,37.9
2025-03-14,81.0,1.0,30.2,53.0,31.9,979.5,0.0,,32.7
2025-03-15,101.0,0.7,29.8,52.4,31.2,979.8,0.0,,49.4
2025-03-16,140.0,0.5,29.9,52.6,31.3,978.5,0.0,,63.5
2025-03-17,159.0,1.1,30.3,61.0,33.5,979.6,0.0,,58.3
2025-03-18,136.0,1.8,29.9,57.9,32.3,981.7,0.0,,45.3
2025-03-19,21.0,3.6,24.3,62.3,25.4,987.4,0.0,,49.9
2025-03-20,12.0,1.7,23.9,60.5,25.2,987.4,0.0,,35.4
2025-03-21,5.0,0.8,25.7,60.0,26.6,985.6,0.0,,62.0
2025-03-22,151.0,0.8,27.1,55.1,27.8,983.8,0.0,,92.0
2025-03-23,85.0,0.5,28.4,50.8,29.0,981.7,0.0,,89.1
2025-03-24,125.0,0.6,29.9,49.0,30.7,978.3,0.0,,100.5
2025-03-25,155.0,0.9,29.9,49.7,30.8,975.2,0.0,,89.8
2025-03-26,155.0,1.0,29.8,43.6,29.8,974.4,0.0,,84.0
2025-03-27,164.0,1.0,29.5,42.0,29.3,973.7,0.0,,87.1
2025-03-28,139.0,1.0,28.7,43.5,28.6,977.8,0.0,,
2025-03-29,130.0,0.8,29.6,48.0,30.2,980.3,0.0,,
2025-03-30,146.0,1.7,31.9,49.7,34.2,982.0,0.0,,85.5
2025-03-31,134.0,1.5,30.3,61.6,33.8,982.0,0.0,,63.9
2025-04-01,136.0,1.5,30.0,59.2,32.7,982.4,0.0,,51.9
2025-04-02,161.0,0.9,30.7,56.9,33.6,983.4,0.0,,49.7
2025-04-03,152.0,0.9,30.8,53.5,33.0,983.5,0.0,,53.9
2025-04-04,126.0,1.1,29.8,62.0,32.9,982.1,0.4,,51.9
2025-04-05,156.0,1.2,29.0,59.0,30.9,981.8,0.0,,41.5
2025-04-06,19.0,1.7,27.3,74.1,29.7,983.5,5.8,,28.0
2025-04-07,174.0,0.8,28.2,65.7,30.5,985.3,0.0,,26.4
2025-04-08,2.0,1.1,29.8,59.9,32.4,984.3,3.2,,24.1
2025-04-09,185.0,1.2,30.7,51.6,32.3,981.6,0.0,,29.9
2025-04-10,170.0,1.4,28.3,64.5,30.4,979.9,0.0,,41.0
2025-04-11,184.0,1.6,28.9,66.1,31.8,979.2,0.0,,32.9
2025-04-12,145.0,1.5,28.1,73.5,31.4,981.3,0.0,,17.8
2025-04-13,27.0,2.8,26.9,79.5,29.5,983.1,26.0,,13.8
2025-04-14,33.0,0.9,24.9,82.2,25.7,985.3,0.4,,10.1
2025-04-15,188.0,0.9,28.9,68.3,32.1,983.2,1.0,,12.0
2025-04-16,130.0,1.0,28.1,71.7,31.2,981.8,0.0,,12.6
2025-04-17,149.0,1.5,28.6,71.6,32.1,980.3,26.6,,12.4
2025-04-18,177.0,0.9,28.8,72.1,32.6,979.6,0.0,,11.6
2025-04-19,160.0,1.4,28.6,71.4,32.1,976.9,31.2,,14.0
2025-04-20,135.0,0.7,29.9,68.0,34.4,978.0,0.0,,14.2
2025-04-21,171.0,0.8,30.9,63.7,35.7,978.9,0.0,,21.6
2025-04-22,175.0,1.1,31.9,54.8,35.3,978.2,0.0,,21.6
2025-04-23,175.0,0.8,31.8,56.7,35.7,976.6,0.0,,31.1
2025-04-24,174.0,1.0,32.2,54.2,35.9,976.9,0.0,,34.7
2025-04-25,153.0,0.6,32.2,54.1,35.9,976.9,0.0,,41.7
2025-04-26,165.0,0.9,32.8,54.5,37.2,978.1,0.0,,36.4
2025-04-27,259.0,1.7,31.0,59.6,34.8,979.3,0.6,,33.3
2025-04-28,188.0,1.3,27.7,71.1,30.2,979.4,0.6,,17.9
2025-04-29,86.0,0.6,28.2,68.8,30.9,980.2,0.0,,19.5
2025-04-30,81.0,1.3,26.3,80.0,28.3,980.7,4.8,,18.9
2025-05-01,65.0,0.8,28.5,69.4,31.5,980.8,0.0,,12.8
2025-05-02,262.0,1.6,28.6,71.2,32.0,979.4,3.2,,16.1
2025-05-03,142.0,1.1,26.9,77.4,29.2,978.2,0.0,,13.6
2025-05-04,161.0,1.2,29.3,68.7,33.2,978.6,0.0,,15.0
2025-05-05,156.0,1.0,30.9,59.1,34.3,979.1,0.0,,16.6
2025-05-06,179.0,0.9,32.5,57.1,37.4,978.4,0.0,,21.1
2025-05-07,169.0,1.1,31.1,66.8,37.0,977.9,1.8,,21.9
2025-05-08,85.0,1.3,30.9,63.5,35.5,976.6,0.0,,21.1
2025-05-09,131.0,1.1,30.5,63.3,34.6,976.0,0.0,,19.1
2025-05-10,199.0,0.9,32.6,58.4,38.0,977.9,0.0,,18.6
2025-05-12,143.0,1.1,28.9,70.4,32.6,979.4,0.0,,12.1
2025-05-13,104.0,1.2,26.9,82.7,29.9,981.1,9.4,,14.6
2025-05-14,82.0,1.3,26.7,82.5,29.3,982.2,3.4,,12.7
2025-05-15,79.0,0.6,26.5,86.2,29.1,982.9,8.2,,8.6
2025-05-16,38.0,0.6,26.7,87.1,29.5,982.3,34.0,,10.1
2025-05-17,210.0,0.9,27.5,81.0,30.9,982.3,16.0,,11.6
2025-05-18,145.0,1.0,27.8,79.4,31.4,981.5,2.2,,9.2
2025-05-19,161.0,1.1,28.0,78.2,31.7,980.6,6.6,,9.4
2025-05-20,148.0,0.7,28.8,76.6,33.5,980.0,1.0,,10.1
2025-05-21,143.0,1.3,27.8,79.8,31.7,980.3,4.0,,10.8
2025-05-22,171.0,1.1,29.2,75.2,34.3,978.3,2.8,,12.2
2025-05-23,119.0,1.2,29.1,75.6,34.1,976.9,1.0,,10.8
2025-05-24,54.0,1.3,27.4,81.2,30.8,979.2,31.4,,9.5
2025-05-25,76.0,1.2,26.4,86.5,28.8,980.9,28.6,,10.7
2025-05-26,47.0,1.4,25.7,88.8,27.3,980.4,6.2,,9.1
2025-05-27,94.0,0.6,25.5,91.4,26.9,979.5,12.6,,9.6
2025-05-28,148.0,1.1,27.9,78.1,31.7,978.8,0.0,,8.7
2025-05-29,135.0,1.3,27.5,82.3,31.2,979.5,4.4,,8.9
2025-05-30,90.0,0.8,26.4,88.1,28.9,980.5,1.0,,10.0
2025-05-31,176.0,1.0,28.0,79.2,32.0,980.5,0.0,,10.1
2025-06-01,179.0,2.2,28.8,73.1,32.8,979.8,0.0,,9.9
2025-06-02,172.0,2.4,29.3,68.4,33.2,978.7,0.0,,9.5
2025-06-03,131.0,1.5,27.9,76.8,31.5,979.3,0.0,,14.6
2025-06-04,157.0,0.8,30.2,69.3,35.4,979.3,0.0,,20.0
2025-06-05,145.0,1.0,29.8,71.3,34.8,979.6,0.0,,18.7
2025-06-06,183.0,0.9,30.5,68.4,35.8,979.2,0.0,,16.1
2025-06-07,151.0,0.6,30.9,66.7,36.4,978.2,0.0,,15.5
2025-06-08,149.0,0.7,30.7,66.9,36.0,977.6,0.0,,14.4
2025-06-09,138.0,1.3,30.7,68.0,36.3,976.7,0.0,,15.6
2025-06-10,133.0,0.9,27.8,80.0,31.6,977.2,1.8,,13.9
2025-06-11,73.0,0.7,26.0,88.1,28.0,978.1,9.6,,10.0
2025-06-12,47.0,0.9,27.7,80.8,31.5,977.3,0.4,,9.8
2025-06-13,139.0,0.9,27.9,81.5,32.1,977.8,6.0,,11.1
2025-06-14,118.0,0.9,26.9,85.7,30.1,978.7,3.6,,10.3
2025-06-15,149.0,1.7,27.9,80.5,31.9,979.1,0.6,,9.3
2025-06-16,154.0,1.4,27.8,81.2,31.7,980.1,5.4,,9.5
2025-06-17,170.0,1.3,27.9,78.4,31.7,980.6,0.4,,10.0
2025-06-18,176.0,1.6,28.9,71.4,32.9,980.0,0.0,,10.5
2025-06-19,177.0,1.8,28.9,71.0,32.7,980.2,0.0,,10.6
2025-06-20,172.0,1.1,28.8,72.7,32.7,978.0,0.0,,11.4
2025-06-21,148.0,0.7,28.7,77.0,33.3,975.0,1.2,,12.5
2025-06-22,136.0,0.7,28.2,77.7,32.1,975.3,0.4,,12.5
2025-06-23,160.0,1.2,28.6,72.6,32.3,974.8,0.0,,11.2
2025-06-24,143.0,1.0,27.8,74.8,31.0,975.9,0.4,,11.9
2025-06-25,160.0,1.0,28.6,72.3,32.3,976.9,0.0,,12.8
2025-06-26,182.0,1.2,29.3,70.4,33.5,976.2,0.0,,12.9
2025-06-27,168.0,1.0,27.0,77.7,29.6,975.5,0.0,,11.0
2025-06-28,174.0,1.9,27.9,71.7,30.8,974.0,0.0,,10.8
2025-06-29,176.0,2.2,28.7,68.4,31.8,973.7,0.0,,12.8
2025-06-30,179.0,1.5,28.7,69.5,32.0,974.2,0.0,,14.8
